timestamp,log_type,message,stacktrace
0.02,Warning,A Canvas named "ExperimentInfoCanvas" with a render mode of ScreenSpaceOverlay is being used while VR is also enabled. This Canvas will continue to incur a rendering cost but will not be visible while in VR. Is this intentional?,
11.00952,Warning,Not connected,UnityEngine.Debug:LogWarning (object).  PupilLabs.RecordingController:StartRecording () (at Assets/Scripts/RecordingController.cs:79).  PupilLabs.RecordingController:Update () (at Assets/Scripts/RecordingController.cs:59).  
48.57565,Log,[<b><color=#AD477C>UXF</color></b>] Beginning session.,UnityEngine.Debug:Log (object).  UXF.Utilities:UXFDebugLog (string) (at Assets/UXF/Scripts/Etc/Utilities.cs:13).  UXF.Session:Begin (stringstringintSystem.Collections.Generic.Dictionary`2<string object>UXF.Settings) (at Assets/UXF/Scripts/Session.cs:324).  UXF.UI.UIController/<TryBeginSessionFromUISequence>d__43:MoveNext () (at Assets/UXF/Scripts/UI/UIController.cs:421).  UnityEngine.MonoBehaviour:StartCoroutine (System.Collections.IEnumerator).  UXF.UI.UIController:TryBeginSessionFromUI () (at Assets/UXF/Scripts/UI/UIController.cs:214).  UnityEngine.EventSystems.EventSystem:Update () (at Library/PackageCache/com.unity.ugui@1.0.0/Runtime/EventSystem/EventSystem.cs:501).  
48.57565,Log,********************** Connected to UXF,UnityEngine.Debug:Log (object).  PupilLabs.SetRecDir:setConnectedToUXF () (at Assets/Scripts/SetRecDir.cs:50).  UnityEngine.Events.UnityEvent`1<UXF.Session>:Invoke (UXF.Session).  UXF.Session:Begin (stringstringintSystem.Collections.Generic.Dictionary`2<string object>UXF.Settings) (at Assets/UXF/Scripts/Session.cs:327).  UXF.UI.UIController/<TryBeginSessionFromUISequence>d__43:MoveNext () (at Assets/UXF/Scripts/UI/UIController.cs:421).  UnityEngine.MonoBehaviour:StartCoroutine (System.Collections.IEnumerator).  UXF.UI.UIController:TryBeginSessionFromUI () (at Assets/UXF/Scripts/UI/UIController.cs:214).  UnityEngine.EventSystems.EventSystem:Update () (at Library/PackageCache/com.unity.ugui@1.0.0/Runtime/EventSystem/EventSystem.cs:501).  
48.57565,Warning,Not connected,UnityEngine.Debug:LogWarning (object).  PupilLabs.RecordingController:StartRecording () (at Assets/Scripts/RecordingController.cs:79).  UnityEngine.Events.UnityEvent`1<UXF.Session>:Invoke (UXF.Session).  UXF.Session:Begin (stringstringintSystem.Collections.Generic.Dictionary`2<string object>UXF.Settings) (at Assets/UXF/Scripts/Session.cs:327).  UXF.UI.UIController/<TryBeginSessionFromUISequence>d__43:MoveNext () (at Assets/UXF/Scripts/UI/UIController.cs:421).  UnityEngine.MonoBehaviour:StartCoroutine (System.Collections.IEnumerator).  UXF.UI.UIController:TryBeginSessionFromUI () (at Assets/UXF/Scripts/UI/UIController.cs:214).  UnityEngine.EventSystems.EventSystem:Update () (at Library/PackageCache/com.unity.ugui@1.0.0/Runtime/EventSystem/EventSystem.cs:501).  
59.24305,Log,Generating experiment blocks and trials.,UnityEngine.Debug:Log (object).  PupilLabs.experimentGenerator:GenerateSession () (at Assets/Scripts/experimentGenerator.cs:100).  PupilLabs.experimentGenerator:Update () (at Assets/Scripts/experimentGenerator.cs:311).  
94.68,Log,Trial #1 has begun,UnityEngine.Debug:Log (object).  TrialStartTrigger:OnTriggerEnter (UnityEngine.Collider) (at Assets/Scripts/TrialStartTrigger.cs:102).  
100.65,Log,end of tracked road position: (-186.87 0.00 119.77) beginning of break road position: (-186.87 0.00 119.77),UnityEngine.Debug:Log (object).  TrialEndTrigger:OnTriggerEnter (UnityEngine.Collider) (at Assets/Scripts/TrialEndTrigger.cs:259).  
102.11,Log,Trial #2 has begun,UnityEngine.Debug:Log (object).  TrialStartTrigger:OnTriggerEnter (UnityEngine.Collider) (at Assets/Scripts/TrialStartTrigger.cs:102).  
108.01,Log,end of tracked road position: (-244.98 0.00 2.34) beginning of break road position: (-244.98 0.00 2.34),UnityEngine.Debug:Log (object).  TrialEndTrigger:OnTriggerEnter (UnityEngine.Collider) (at Assets/Scripts/TrialEndTrigger.cs:259).  
109.47,Log,Trial #3 has begun,UnityEngine.Debug:Log (object).  TrialStartTrigger:OnTriggerEnter (UnityEngine.Collider) (at Assets/Scripts/TrialStartTrigger.cs:102).  
115.37,Log,end of tracked road position: (-265.03 0.00 -131.82) beginning of break road position: (-265.03 0.00 -131.82),UnityEngine.Debug:Log (object).  TrialEndTrigger:OnTriggerEnter (UnityEngine.Collider) (at Assets/Scripts/TrialEndTrigger.cs:259).  
116.84,Log,Trial #4 has begun,UnityEngine.Debug:Log (object).  TrialStartTrigger:OnTriggerEnter (UnityEngine.Collider) (at Assets/Scripts/TrialStartTrigger.cs:102).  
122.51,Log,end of tracked road position: (-311.82 0.00 -259.55) beginning of break road position: (-311.82 0.00 -259.55),UnityEngine.Debug:Log (object).  TrialEndTrigger:OnTriggerEnter (UnityEngine.Collider) (at Assets/Scripts/TrialEndTrigger.cs:259).  
122.51,Log,**************** Set visibility to: 0.03,UnityEngine.Debug:Log (object).  TrialEndTrigger:OnTriggerEnter (UnityEngine.Collider) (at Assets/Scripts/TrialEndTrigger.cs:305).  
123.98,Log,Trial #5 has begun,UnityEngine.Debug:Log (object).  TrialStartTrigger:OnTriggerEnter (UnityEngine.Collider) (at Assets/Scripts/TrialStartTrigger.cs:102).  
133.69,Log,end of tracked road position: (-238.81 0.00 -374.33) beginning of break road position: (-238.81 0.00 -374.33),UnityEngine.Debug:Log (object).  TrialEndTrigger:OnTriggerEnter (UnityEngine.Collider) (at Assets/Scripts/TrialEndTrigger.cs:259).  
133.69,Log,**************** Set visibility to: 0.3,UnityEngine.Debug:Log (object).  TrialEndTrigger:OnTriggerEnter (UnityEngine.Collider) (at Assets/Scripts/TrialEndTrigger.cs:305).  
135.16,Log,Trial #6 has begun,UnityEngine.Debug:Log (object).  TrialStartTrigger:OnTriggerEnter (UnityEngine.Collider) (at Assets/Scripts/TrialStartTrigger.cs:102).  
141.55,Warning,***********Collision triggered in obstacle,UnityEngine.Debug:LogWarning (object).  obstacle_behavior:OnTriggerEnter () (at Assets/obstacle_behavior.cs:28).  
141.55,Warning,Obstacle removed!,UnityEngine.Debug:LogWarning (object).  collision_warning_system:obstacle_removed () (at Assets/collision_warning_system.cs:71).  obstacle_behavior:OnTriggerEnter () (at Assets/obstacle_behavior.cs:29).  
141.55,Log,COLLISION,UnityEngine.Debug:Log (object).  collision_warning_system:OnTriggerEnter () (at Assets/collision_warning_system.cs:195).  
144.93,Log,end of tracked road position: (-107.63 0.00 -375.80) beginning of break road position: (-107.63 0.00 -375.80),UnityEngine.Debug:Log (object).  TrialEndTrigger:OnTriggerEnter (UnityEngine.Collider) (at Assets/Scripts/TrialEndTrigger.cs:259).  
144.93,Log,**************** Set visibility to: 0.3,UnityEngine.Debug:Log (object).  TrialEndTrigger:OnTriggerEnter (UnityEngine.Collider) (at Assets/Scripts/TrialEndTrigger.cs:305).  
146.4,Log,Trial #7 has begun,UnityEngine.Debug:Log (object).  TrialStartTrigger:OnTriggerEnter (UnityEngine.Collider) (at Assets/Scripts/TrialStartTrigger.cs:102).  
152.68,Warning,***********Collision triggered in obstacle,UnityEngine.Debug:LogWarning (object).  obstacle_behavior:OnTriggerEnter () (at Assets/obstacle_behavior.cs:28).  
152.68,Warning,Obstacle removed!,UnityEngine.Debug:LogWarning (object).  collision_warning_system:obstacle_removed () (at Assets/collision_warning_system.cs:71).  obstacle_behavior:OnTriggerEnter () (at Assets/obstacle_behavior.cs:29).  
152.68,Log,COLLISION,UnityEngine.Debug:Log (object).  collision_warning_system:OnTriggerEnter () (at Assets/collision_warning_system.cs:195).  
156.56,Log,end of tracked road position: (-43.50 0.00 -258.74) beginning of break road position: (-43.50 0.00 -258.74),UnityEngine.Debug:Log (object).  TrialEndTrigger:OnTriggerEnter (UnityEngine.Collider) (at Assets/Scripts/TrialEndTrigger.cs:259).  
156.56,Log,**************** Set visibility to: 1,UnityEngine.Debug:Log (object).  TrialEndTrigger:OnTriggerEnter (UnityEngine.Collider) (at Assets/Scripts/TrialEndTrigger.cs:305).  
158.02,Log,Trial #8 has begun,UnityEngine.Debug:Log (object).  TrialStartTrigger:OnTriggerEnter (UnityEngine.Collider) (at Assets/Scripts/TrialStartTrigger.cs:102).  
164.7,Warning,***********Collision triggered in obstacle,UnityEngine.Debug:LogWarning (object).  obstacle_behavior:OnTriggerEnter () (at Assets/obstacle_behavior.cs:28).  
164.7,Warning,Obstacle removed!,UnityEngine.Debug:LogWarning (object).  collision_warning_system:obstacle_removed () (at Assets/collision_warning_system.cs:71).  obstacle_behavior:OnTriggerEnter () (at Assets/obstacle_behavior.cs:29).  
164.7,Log,COLLISION,UnityEngine.Debug:Log (object).  collision_warning_system:OnTriggerEnter () (at Assets/collision_warning_system.cs:195).  
168.4,Log,end of tracked road position: (-113.21 0.00 -147.81) beginning of break road position: (-113.21 0.00 -147.81),UnityEngine.Debug:Log (object).  TrialEndTrigger:OnTriggerEnter (UnityEngine.Collider) (at Assets/Scripts/TrialEndTrigger.cs:259).  
168.4,Log,**************** Set visibility to: 0.03,UnityEngine.Debug:Log (object).  TrialEndTrigger:OnTriggerEnter (UnityEngine.Collider) (at Assets/Scripts/TrialEndTrigger.cs:305).  
169.87,Log,Trial #9 has begun,UnityEngine.Debug:Log (object).  TrialStartTrigger:OnTriggerEnter (UnityEngine.Collider) (at Assets/Scripts/TrialStartTrigger.cs:102).  
176.24,Warning,***********Collision triggered in obstacle,UnityEngine.Debug:LogWarning (object).  obstacle_behavior:OnTriggerEnter () (at Assets/obstacle_behavior.cs:28).  
176.24,Warning,Obstacle removed!,UnityEngine.Debug:LogWarning (object).  collision_warning_system:obstacle_removed () (at Assets/collision_warning_system.cs:71).  obstacle_behavior:OnTriggerEnter () (at Assets/obstacle_behavior.cs:29).  
176.24,Log,COLLISION,UnityEngine.Debug:Log (object).  collision_warning_system:OnTriggerEnter () (at Assets/collision_warning_system.cs:195).  
180.07,Log,end of tracked road position: (-243.42 0.00 -162.33) beginning of break road position: (-243.42 0.00 -162.33),UnityEngine.Debug:Log (object).  TrialEndTrigger:OnTriggerEnter (UnityEngine.Collider) (at Assets/Scripts/TrialEndTrigger.cs:259).  
181.54,Log,Trial #10 has begun,UnityEngine.Debug:Log (object).  TrialStartTrigger:OnTriggerEnter (UnityEngine.Collider) (at Assets/Scripts/TrialStartTrigger.cs:102).  
187.44,Log,end of tracked road position: (-367.16 0.00 -217.93) beginning of break road position: (-367.16 0.00 -217.93),UnityEngine.Debug:Log (object).  TrialEndTrigger:OnTriggerEnter (UnityEngine.Collider) (at Assets/Scripts/TrialEndTrigger.cs:259).  
188.91,Log,Trial #11 has begun,UnityEngine.Debug:Log (object).  TrialStartTrigger:OnTriggerEnter (UnityEngine.Collider) (at Assets/Scripts/TrialStartTrigger.cs:102).  
194.58,Log,end of tracked road position: (-492.43 0.00 -256.31) beginning of break road position: (-492.43 0.00 -256.31),UnityEngine.Debug:Log (object).  TrialEndTrigger:OnTriggerEnter (UnityEngine.Collider) (at Assets/Scripts/TrialEndTrigger.cs:259).  
194.58,Log,**************** Set visibility to: 0.03,UnityEngine.Debug:Log (object).  TrialEndTrigger:OnTriggerEnter (UnityEngine.Collider) (at Assets/Scripts/TrialEndTrigger.cs:305).  
196.05,Log,Trial #12 has begun,UnityEngine.Debug:Log (object).  TrialStartTrigger:OnTriggerEnter (UnityEngine.Collider) (at Assets/Scripts/TrialStartTrigger.cs:102).  
201.95,Warning,***********Collision triggered in obstacle,UnityEngine.Debug:LogWarning (object).  obstacle_behavior:OnTriggerEnter () (at Assets/obstacle_behavior.cs:28).  
201.95,Warning,Obstacle removed!,UnityEngine.Debug:LogWarning (object).  collision_warning_system:obstacle_removed () (at Assets/collision_warning_system.cs:71).  obstacle_behavior:OnTriggerEnter () (at Assets/obstacle_behavior.cs:29).  
201.95,Log,COLLISION,UnityEngine.Debug:Log (object).  collision_warning_system:OnTriggerEnter () (at Assets/collision_warning_system.cs:195).  
206.13,Log,end of tracked road position: (-603.72 0.00 -333.85) beginning of break road position: (-603.72 0.00 -333.85),UnityEngine.Debug:Log (object).  TrialEndTrigger:OnTriggerEnter (UnityEngine.Collider) (at Assets/Scripts/TrialEndTrigger.cs:259).  
207.6,Log,Trial #13 has begun,UnityEngine.Debug:Log (object).  TrialStartTrigger:OnTriggerEnter (UnityEngine.Collider) (at Assets/Scripts/TrialStartTrigger.cs:102).  
213.29,Log,end of tracked road position: (-720.02 0.00 -394.57) beginning of break road position: (-720.02 0.00 -394.57),UnityEngine.Debug:Log (object).  TrialEndTrigger:OnTriggerEnter (UnityEngine.Collider) (at Assets/Scripts/TrialEndTrigger.cs:259).  
213.29,Log,**************** Set visibility to: 0.03,UnityEngine.Debug:Log (object).  TrialEndTrigger:OnTriggerEnter (UnityEngine.Collider) (at Assets/Scripts/TrialEndTrigger.cs:305).  
214.76,Log,Trial #14 has begun,UnityEngine.Debug:Log (object).  TrialStartTrigger:OnTriggerEnter (UnityEngine.Collider) (at Assets/Scripts/TrialStartTrigger.cs:102).  
220.49,Warning,***********Collision triggered in obstacle,UnityEngine.Debug:LogWarning (object).  obstacle_behavior:OnTriggerEnter () (at Assets/obstacle_behavior.cs:28).  
220.49,Warning,Obstacle removed!,UnityEngine.Debug:LogWarning (object).  collision_warning_system:obstacle_removed () (at Assets/collision_warning_system.cs:71).  obstacle_behavior:OnTriggerEnter () (at Assets/obstacle_behavior.cs:29).  
220.49,Log,COLLISION,UnityEngine.Debug:Log (object).  collision_warning_system:OnTriggerEnter () (at Assets/collision_warning_system.cs:195).  
224.23,Log,end of tracked road position: (-820.35 0.00 -467.93) beginning of break road position: (-820.35 0.00 -467.93),UnityEngine.Debug:Log (object).  TrialEndTrigger:OnTriggerEnter (UnityEngine.Collider) (at Assets/Scripts/TrialEndTrigger.cs:259).  
224.23,Log,**************** Set visibility to: 1,UnityEngine.Debug:Log (object).  TrialEndTrigger:OnTriggerEnter (UnityEngine.Collider) (at Assets/Scripts/TrialEndTrigger.cs:305).  
225.69,Log,Trial #15 has begun,UnityEngine.Debug:Log (object).  TrialStartTrigger:OnTriggerEnter (UnityEngine.Collider) (at Assets/Scripts/TrialStartTrigger.cs:102).  
231.37,Warning,***********Collision triggered in obstacle,UnityEngine.Debug:LogWarning (object).  obstacle_behavior:OnTriggerEnter () (at Assets/obstacle_behavior.cs:28).  
231.37,Warning,Obstacle removed!,UnityEngine.Debug:LogWarning (object).  collision_warning_system:obstacle_removed () (at Assets/collision_warning_system.cs:71).  obstacle_behavior:OnTriggerEnter () (at Assets/obstacle_behavior.cs:29).  
231.37,Log,COLLISION,UnityEngine.Debug:Log (object).  collision_warning_system:OnTriggerEnter () (at Assets/collision_warning_system.cs:195).  
234.64,Log,end of tracked road position: (-913.87 0.00 -386.05) beginning of break road position: (-913.87 0.00 -386.05),UnityEngine.Debug:Log (object).  TrialEndTrigger:OnTriggerEnter (UnityEngine.Collider) (at Assets/Scripts/TrialEndTrigger.cs:259).  
236.1,Log,Trial #16 has begun,UnityEngine.Debug:Log (object).  TrialStartTrigger:OnTriggerEnter (UnityEngine.Collider) (at Assets/Scripts/TrialStartTrigger.cs:102).  
241.72,Log,end of tracked road position: (-868.43 0.00 -258.24) beginning of break road position: (-868.43 0.00 -258.24),UnityEngine.Debug:Log (object).  TrialEndTrigger:OnTriggerEnter (UnityEngine.Collider) (at Assets/Scripts/TrialEndTrigger.cs:259).  
243.19,Log,Trial #17 has begun,UnityEngine.Debug:Log (object).  TrialStartTrigger:OnTriggerEnter (UnityEngine.Collider) (at Assets/Scripts/TrialStartTrigger.cs:102).  
248.89,Log,end of tracked road position: (-745.31 0.00 -241.20) beginning of break road position: (-745.31 0.00 -241.20),UnityEngine.Debug:Log (object).  TrialEndTrigger:OnTriggerEnter (UnityEngine.Collider) (at Assets/Scripts/TrialEndTrigger.cs:259).  
248.89,Log,**************** Set visibility to: 0.03,UnityEngine.Debug:Log (object).  TrialEndTrigger:OnTriggerEnter (UnityEngine.Collider) (at Assets/Scripts/TrialEndTrigger.cs:305).  
250.36,Log,Trial #18 has begun,UnityEngine.Debug:Log (object).  TrialStartTrigger:OnTriggerEnter (UnityEngine.Collider) (at Assets/Scripts/TrialStartTrigger.cs:102).  
255.9,Warning,***********Collision triggered in obstacle,UnityEngine.Debug:LogWarning (object).  obstacle_behavior:OnTriggerEnter () (at Assets/obstacle_behavior.cs:28).  
255.9,Warning,Obstacle removed!,UnityEngine.Debug:LogWarning (object).  collision_warning_system:obstacle_removed () (at Assets/collision_warning_system.cs:71).  obstacle_behavior:OnTriggerEnter () (at Assets/obstacle_behavior.cs:29).  
255.9,Log,COLLISION,UnityEngine.Debug:Log (object).  collision_warning_system:OnTriggerEnter () (at Assets/collision_warning_system.cs:195).  
259.53,Log,end of tracked road position: (-618.15 0.00 -273.48) beginning of break road position: (-618.15 0.00 -273.48),UnityEngine.Debug:Log (object).  TrialEndTrigger:OnTriggerEnter (UnityEngine.Collider) (at Assets/Scripts/TrialEndTrigger.cs:259).  
261,Log,Trial #19 has begun,UnityEngine.Debug:Log (object).  TrialStartTrigger:OnTriggerEnter (UnityEngine.Collider) (at Assets/Scripts/TrialStartTrigger.cs:102).  
266.88,Log,end of tracked road position: (-533.50 0.00 -173.48) beginning of break road position: (-533.50 0.00 -173.48),UnityEngine.Debug:Log (object).  TrialEndTrigger:OnTriggerEnter (UnityEngine.Collider) (at Assets/Scripts/TrialEndTrigger.cs:259).  
266.88,Log,**************** Set visibility to: 1,UnityEngine.Debug:Log (object).  TrialEndTrigger:OnTriggerEnter (UnityEngine.Collider) (at Assets/Scripts/TrialEndTrigger.cs:305).  
268.34,Log,Trial #20 has begun,UnityEngine.Debug:Log (object).  TrialStartTrigger:OnTriggerEnter (UnityEngine.Collider) (at Assets/Scripts/TrialStartTrigger.cs:102).  
275.08,Warning,***********Collision triggered in obstacle,UnityEngine.Debug:LogWarning (object).  obstacle_behavior:OnTriggerEnter () (at Assets/obstacle_behavior.cs:28).  
275.08,Warning,Obstacle removed!,UnityEngine.Debug:LogWarning (object).  collision_warning_system:obstacle_removed () (at Assets/collision_warning_system.cs:71).  obstacle_behavior:OnTriggerEnter () (at Assets/obstacle_behavior.cs:29).  
275.08,Log,COLLISION,UnityEngine.Debug:Log (object).  collision_warning_system:OnTriggerEnter () (at Assets/collision_warning_system.cs:195).  
278.49,Log,end of tracked road position: (-586.72 0.00 -53.76) beginning of break road position: (-586.72 0.00 -53.76),UnityEngine.Debug:Log (object).  TrialEndTrigger:OnTriggerEnter (UnityEngine.Collider) (at Assets/Scripts/TrialEndTrigger.cs:259).  
279.96,Log,Trial #21 has begun,UnityEngine.Debug:Log (object).  TrialStartTrigger:OnTriggerEnter (UnityEngine.Collider) (at Assets/Scripts/TrialStartTrigger.cs:102).  
285.85,Log,end of tracked road position: (-654.04 0.00 50.72) beginning of break road position: (-654.04 0.00 50.72),UnityEngine.Debug:Log (object).  TrialEndTrigger:OnTriggerEnter (UnityEngine.Collider) (at Assets/Scripts/TrialEndTrigger.cs:259).  
287.32,Log,Trial #22 has begun,UnityEngine.Debug:Log (object).  TrialStartTrigger:OnTriggerEnter (UnityEngine.Collider) (at Assets/Scripts/TrialStartTrigger.cs:102).  
292.93,Log,end of tracked road position: (-573.37 0.00 157.94) beginning of break road position: (-573.37 0.00 157.94),UnityEngine.Debug:Log (object).  TrialEndTrigger:OnTriggerEnter (UnityEngine.Collider) (at Assets/Scripts/TrialEndTrigger.cs:259).  
294.4,Log,Trial #23 has begun,UnityEngine.Debug:Log (object).  TrialStartTrigger:OnTriggerEnter (UnityEngine.Collider) (at Assets/Scripts/TrialStartTrigger.cs:102).  
300.06,Log,end of tracked road position: (-451.67 0.00 132.69) beginning of break road position: (-451.67 0.00 132.69),UnityEngine.Debug:Log (object).  TrialEndTrigger:OnTriggerEnter (UnityEngine.Collider) (at Assets/Scripts/TrialEndTrigger.cs:259).  
300.06,Log,**************** Set visibility to: 0.3,UnityEngine.Debug:Log (object).  TrialEndTrigger:OnTriggerEnter (UnityEngine.Collider) (at Assets/Scripts/TrialEndTrigger.cs:305).  
301.53,Log,Trial #24 has begun,UnityEngine.Debug:Log (object).  TrialStartTrigger:OnTriggerEnter (UnityEngine.Collider) (at Assets/Scripts/TrialStartTrigger.cs:102).  
308,Warning,***********Collision triggered in obstacle,UnityEngine.Debug:LogWarning (object).  obstacle_behavior:OnTriggerEnter () (at Assets/obstacle_behavior.cs:28).  
308,Warning,Obstacle removed!,UnityEngine.Debug:LogWarning (object).  collision_warning_system:obstacle_removed () (at Assets/collision_warning_system.cs:71).  obstacle_behavior:OnTriggerEnter () (at Assets/obstacle_behavior.cs:29).  
308,Log,COLLISION,UnityEngine.Debug:Log (object).  collision_warning_system:OnTriggerEnter () (at Assets/collision_warning_system.cs:195).  
311.44,Log,end of tracked road position: (-438.59 0.00 2.45) beginning of break road position: (-438.59 0.00 2.45),UnityEngine.Debug:Log (object).  TrialEndTrigger:OnTriggerEnter (UnityEngine.Collider) (at Assets/Scripts/TrialEndTrigger.cs:259).  
312.91,Log,Trial #25 has begun,UnityEngine.Debug:Log (object).  TrialStartTrigger:OnTriggerEnter (UnityEngine.Collider) (at Assets/Scripts/TrialStartTrigger.cs:102).  
318.54,Log,end of tracked road position: (-462.30 0.00 -128.89) beginning of break road position: (-462.30 0.00 -128.89),UnityEngine.Debug:Log (object).  TrialEndTrigger:OnTriggerEnter (UnityEngine.Collider) (at Assets/Scripts/TrialEndTrigger.cs:259).  
318.54,Log,**************** Set visibility to: 1,UnityEngine.Debug:Log (object).  TrialEndTrigger:OnTriggerEnter (UnityEngine.Collider) (at Assets/Scripts/TrialEndTrigger.cs:305).  
320.01,Log,Trial #26 has begun,UnityEngine.Debug:Log (object).  TrialStartTrigger:OnTriggerEnter (UnityEngine.Collider) (at Assets/Scripts/TrialStartTrigger.cs:102).  
330.13,Log,end of tracked road position: (-361.09 0.00 -212.36) beginning of break road position: (-361.09 0.00 -212.36),UnityEngine.Debug:Log (object).  TrialEndTrigger:OnTriggerEnter (UnityEngine.Collider) (at Assets/Scripts/TrialEndTrigger.cs:259).  
330.13,Log,**************** Set visibility to: 0.03,UnityEngine.Debug:Log (object).  TrialEndTrigger:OnTriggerEnter (UnityEngine.Collider) (at Assets/Scripts/TrialEndTrigger.cs:305).  
331.6,Log,Trial #27 has begun,UnityEngine.Debug:Log (object).  TrialStartTrigger:OnTriggerEnter (UnityEngine.Collider) (at Assets/Scripts/TrialStartTrigger.cs:102).  
337.48,Warning,***********Collision triggered in obstacle,UnityEngine.Debug:LogWarning (object).  obstacle_behavior:OnTriggerEnter () (at Assets/obstacle_behavior.cs:28).  
337.48,Warning,Obstacle removed!,UnityEngine.Debug:LogWarning (object).  collision_warning_system:obstacle_removed () (at Assets/collision_warning_system.cs:71).  obstacle_behavior:OnTriggerEnter () (at Assets/obstacle_behavior.cs:29).  
337.48,Log,COLLISION,UnityEngine.Debug:Log (object).  collision_warning_system:OnTriggerEnter () (at Assets/collision_warning_system.cs:195).  
341.61,Log,end of tracked road position: (-241.85 0.00 -158.07) beginning of break road position: (-241.85 0.00 -158.07),UnityEngine.Debug:Log (object).  TrialEndTrigger:OnTriggerEnter (UnityEngine.Collider) (at Assets/Scripts/TrialEndTrigger.cs:259).  
341.61,Log,**************** Set visibility to: 1,UnityEngine.Debug:Log (object).  TrialEndTrigger:OnTriggerEnter (UnityEngine.Collider) (at Assets/Scripts/TrialEndTrigger.cs:305).  
343.08,Log,Trial #28 has begun,UnityEngine.Debug:Log (object).  TrialStartTrigger:OnTriggerEnter (UnityEngine.Collider) (at Assets/Scripts/TrialStartTrigger.cs:102).  
349,Warning,***********Collision triggered in obstacle,UnityEngine.Debug:LogWarning (object).  obstacle_behavior:OnTriggerEnter () (at Assets/obstacle_behavior.cs:28).  
349,Warning,Obstacle removed!,UnityEngine.Debug:LogWarning (object).  collision_warning_system:obstacle_removed () (at Assets/collision_warning_system.cs:71).  obstacle_behavior:OnTriggerEnter () (at Assets/obstacle_behavior.cs:29).  
349,Log,COLLISION,UnityEngine.Debug:Log (object).  collision_warning_system:OnTriggerEnter () (at Assets/collision_warning_system.cs:195).  
352.55,Log,end of tracked road position: (-238.88 0.00 -27.08) beginning of break road position: (-238.88 0.00 -27.08),UnityEngine.Debug:Log (object).  TrialEndTrigger:OnTriggerEnter (UnityEngine.Collider) (at Assets/Scripts/TrialEndTrigger.cs:259).  
354.02,Log,Trial #29 has begun,UnityEngine.Debug:Log (object).  TrialStartTrigger:OnTriggerEnter (UnityEngine.Collider) (at Assets/Scripts/TrialStartTrigger.cs:102).  
359.92,Log,end of tracked road position: (-355.44 0.00 37.93) beginning of break road position: (-355.44 0.00 37.93),UnityEngine.Debug:Log (object).  TrialEndTrigger:OnTriggerEnter (UnityEngine.Collider) (at Assets/Scripts/TrialEndTrigger.cs:259).  
361.39,Log,Trial #30 has begun,UnityEngine.Debug:Log (object).  TrialStartTrigger:OnTriggerEnter (UnityEngine.Collider) (at Assets/Scripts/TrialStartTrigger.cs:102).  
367.29,Log,end of tracked road position: (-469.27 0.00 87.85) beginning of break road position: (-469.27 0.00 87.85),UnityEngine.Debug:Log (object).  TrialEndTrigger:OnTriggerEnter (UnityEngine.Collider) (at Assets/Scripts/TrialEndTrigger.cs:259).  
367.29,Log,**************** Set visibility to: 0.03,UnityEngine.Debug:Log (object).  TrialEndTrigger:OnTriggerEnter (UnityEngine.Collider) (at Assets/Scripts/TrialEndTrigger.cs:305).  
368.75,Log,Trial #31 has begun,UnityEngine.Debug:Log (object).  TrialStartTrigger:OnTriggerEnter (UnityEngine.Collider) (at Assets/Scripts/TrialStartTrigger.cs:102).  
375.04,Warning,***********Collision triggered in obstacle,UnityEngine.Debug:LogWarning (object).  obstacle_behavior:OnTriggerEnter () (at Assets/obstacle_behavior.cs:28).  
375.04,Warning,Obstacle removed!,UnityEngine.Debug:LogWarning (object).  collision_warning_system:obstacle_removed () (at Assets/collision_warning_system.cs:71).  obstacle_behavior:OnTriggerEnter () (at Assets/obstacle_behavior.cs:29).  
375.04,Log,COLLISION,UnityEngine.Debug:Log (object).  collision_warning_system:OnTriggerEnter () (at Assets/collision_warning_system.cs:195).  
378.48,Log,end of tracked road position: (-559.04 0.00 186.61) beginning of break road position: (-559.04 0.00 186.61),UnityEngine.Debug:Log (object).  TrialEndTrigger:OnTriggerEnter (UnityEngine.Collider) (at Assets/Scripts/TrialEndTrigger.cs:259).  
379.94,Log,Trial #32 has begun,UnityEngine.Debug:Log (object).  TrialStartTrigger:OnTriggerEnter (UnityEngine.Collider) (at Assets/Scripts/TrialStartTrigger.cs:102).  
385.82,Log,end of tracked road position: (-672.48 0.00 260.99) beginning of break road position: (-672.48 0.00 260.99),UnityEngine.Debug:Log (object).  TrialEndTrigger:OnTriggerEnter (UnityEngine.Collider) (at Assets/Scripts/TrialEndTrigger.cs:259).  
385.82,Log,**************** Set visibility to: 0.03,UnityEngine.Debug:Log (object).  TrialEndTrigger:OnTriggerEnter (UnityEngine.Collider) (at Assets/Scripts/TrialEndTrigger.cs:305).  
387.29,Log,Trial #33 has begun,UnityEngine.Debug:Log (object).  TrialStartTrigger:OnTriggerEnter (UnityEngine.Collider) (at Assets/Scripts/TrialStartTrigger.cs:102).  
393.56,Warning,***********Collision triggered in obstacle,UnityEngine.Debug:LogWarning (object).  obstacle_behavior:OnTriggerEnter () (at Assets/obstacle_behavior.cs:28).  
393.56,Warning,Obstacle removed!,UnityEngine.Debug:LogWarning (object).  collision_warning_system:obstacle_removed () (at Assets/collision_warning_system.cs:71).  obstacle_behavior:OnTriggerEnter () (at Assets/obstacle_behavior.cs:29).  
393.56,Log,COLLISION,UnityEngine.Debug:Log (object).  collision_warning_system:OnTriggerEnter () (at Assets/collision_warning_system.cs:195).  
397.01,Log,end of tracked road position: (-659.91 0.00 384.65) beginning of break road position: (-659.91 0.00 384.65),UnityEngine.Debug:Log (object).  TrialEndTrigger:OnTriggerEnter (UnityEngine.Collider) (at Assets/Scripts/TrialEndTrigger.cs:259).  
397.01,Log,**************** Set visibility to: 0.03,UnityEngine.Debug:Log (object).  TrialEndTrigger:OnTriggerEnter (UnityEngine.Collider) (at Assets/Scripts/TrialEndTrigger.cs:305).  
398.47,Log,Trial #34 has begun,UnityEngine.Debug:Log (object).  TrialStartTrigger:OnTriggerEnter (UnityEngine.Collider) (at Assets/Scripts/TrialStartTrigger.cs:102).  
404.52,Warning,***********Collision triggered in obstacle,UnityEngine.Debug:LogWarning (object).  obstacle_behavior:OnTriggerEnter () (at Assets/obstacle_behavior.cs:28).  
404.52,Warning,Obstacle removed!,UnityEngine.Debug:LogWarning (object).  collision_warning_system:obstacle_removed () (at Assets/collision_warning_system.cs:71).  obstacle_behavior:OnTriggerEnter () (at Assets/obstacle_behavior.cs:29).  
404.52,Log,COLLISION,UnityEngine.Debug:Log (object).  collision_warning_system:OnTriggerEnter () (at Assets/collision_warning_system.cs:195).  
408.11,Log,end of tracked road position: (-531.71 0.00 411.08) beginning of break road position: (-531.71 0.00 411.08),UnityEngine.Debug:Log (object).  TrialEndTrigger:OnTriggerEnter (UnityEngine.Collider) (at Assets/Scripts/TrialEndTrigger.cs:259).  
409.58,Log,Trial #35 has begun,UnityEngine.Debug:Log (object).  TrialStartTrigger:OnTriggerEnter (UnityEngine.Collider) (at Assets/Scripts/TrialStartTrigger.cs:102).  
415.25,Log,end of tracked road position: (-400.79 0.00 405.93) beginning of break road position: (-400.79 0.00 405.93),UnityEngine.Debug:Log (object).  TrialEndTrigger:OnTriggerEnter (UnityEngine.Collider) (at Assets/Scripts/TrialEndTrigger.cs:259).  
415.25,Log,**************** Set visibility to: 1,UnityEngine.Debug:Log (object).  TrialEndTrigger:OnTriggerEnter (UnityEngine.Collider) (at Assets/Scripts/TrialEndTrigger.cs:305).  
416.72,Log,Trial #36 has begun,UnityEngine.Debug:Log (object).  TrialStartTrigger:OnTriggerEnter (UnityEngine.Collider) (at Assets/Scripts/TrialStartTrigger.cs:102).  
422.66,Warning,***********Collision triggered in obstacle,UnityEngine.Debug:LogWarning (object).  obstacle_behavior:OnTriggerEnter () (at Assets/obstacle_behavior.cs:28).  
422.66,Warning,Obstacle removed!,UnityEngine.Debug:LogWarning (object).  collision_warning_system:obstacle_removed () (at Assets/collision_warning_system.cs:71).  obstacle_behavior:OnTriggerEnter () (at Assets/obstacle_behavior.cs:29).  
422.66,Log,COLLISION,UnityEngine.Debug:Log (object).  collision_warning_system:OnTriggerEnter () (at Assets/collision_warning_system.cs:195).  
426.07,Log,end of tracked road position: (-339.21 0.00 521.57) beginning of break road position: (-339.21 0.00 521.57),UnityEngine.Debug:Log (object).  TrialEndTrigger:OnTriggerEnter (UnityEngine.Collider) (at Assets/Scripts/TrialEndTrigger.cs:259).  
427.54,Log,Trial #37 has begun,UnityEngine.Debug:Log (object).  TrialStartTrigger:OnTriggerEnter (UnityEngine.Collider) (at Assets/Scripts/TrialStartTrigger.cs:102).  
433.44,Log,end of tracked road position: (-306.68 0.00 648.36) beginning of break road position: (-306.68 0.00 648.36),UnityEngine.Debug:Log (object).  TrialEndTrigger:OnTriggerEnter (UnityEngine.Collider) (at Assets/Scripts/TrialEndTrigger.cs:259).  
434.91,Log,Trial #38 has begun,UnityEngine.Debug:Log (object).  TrialStartTrigger:OnTriggerEnter (UnityEngine.Collider) (at Assets/Scripts/TrialStartTrigger.cs:102).  
440.55,Log,end of tracked road position: (-244.24 0.00 763.73) beginning of break road position: (-244.24 0.00 763.73),UnityEngine.Debug:Log (object).  TrialEndTrigger:OnTriggerEnter (UnityEngine.Collider) (at Assets/Scripts/TrialEndTrigger.cs:259).  
440.55,Log,**************** Set visibility to: 1,UnityEngine.Debug:Log (object).  TrialEndTrigger:OnTriggerEnter (UnityEngine.Collider) (at Assets/Scripts/TrialEndTrigger.cs:305).  
442.02,Log,Trial #39 has begun,UnityEngine.Debug:Log (object).  TrialStartTrigger:OnTriggerEnter (UnityEngine.Collider) (at Assets/Scripts/TrialStartTrigger.cs:102).  
448.57,Warning,***********Collision triggered in obstacle,UnityEngine.Debug:LogWarning (object).  obstacle_behavior:OnTriggerEnter () (at Assets/obstacle_behavior.cs:28).  
448.57,Warning,Obstacle removed!,UnityEngine.Debug:LogWarning (object).  collision_warning_system:obstacle_removed () (at Assets/collision_warning_system.cs:71).  obstacle_behavior:OnTriggerEnter () (at Assets/obstacle_behavior.cs:29).  
448.57,Log,COLLISION,UnityEngine.Debug:Log (object).  collision_warning_system:OnTriggerEnter () (at Assets/collision_warning_system.cs:195).  
452.16,Log,end of tracked road position: (-215.88 0.00 894.88) beginning of break road position: (-215.88 0.00 894.88),UnityEngine.Debug:Log (object).  TrialEndTrigger:OnTriggerEnter (UnityEngine.Collider) (at Assets/Scripts/TrialEndTrigger.cs:259).  
452.16,Log,**************** Set visibility to: 1,UnityEngine.Debug:Log (object).  TrialEndTrigger:OnTriggerEnter (UnityEngine.Collider) (at Assets/Scripts/TrialEndTrigger.cs:305).  
453.63,Log,Trial #40 has begun,UnityEngine.Debug:Log (object).  TrialStartTrigger:OnTriggerEnter (UnityEngine.Collider) (at Assets/Scripts/TrialStartTrigger.cs:102).  
459.98,Warning,***********Collision triggered in obstacle,UnityEngine.Debug:LogWarning (object).  obstacle_behavior:OnTriggerEnter () (at Assets/obstacle_behavior.cs:28).  
459.98,Warning,Obstacle removed!,UnityEngine.Debug:LogWarning (object).  collision_warning_system:obstacle_removed () (at Assets/collision_warning_system.cs:71).  obstacle_behavior:OnTriggerEnter () (at Assets/obstacle_behavior.cs:29).  
459.98,Log,COLLISION,UnityEngine.Debug:Log (object).  collision_warning_system:OnTriggerEnter () (at Assets/collision_warning_system.cs:195).  
463.54,Log,end of tracked road position: (-94.79 0.00 922.92) beginning of break road position: (-94.79 0.00 922.92),UnityEngine.Debug:Log (object).  TrialEndTrigger:OnTriggerEnter (UnityEngine.Collider) (at Assets/Scripts/TrialEndTrigger.cs:259).  
463.54,Log,**************** Set visibility to: 0.3,UnityEngine.Debug:Log (object).  TrialEndTrigger:OnTriggerEnter (UnityEngine.Collider) (at Assets/Scripts/TrialEndTrigger.cs:305).  
465.01,Log,Trial #41 has begun,UnityEngine.Debug:Log (object).  TrialStartTrigger:OnTriggerEnter (UnityEngine.Collider) (at Assets/Scripts/TrialStartTrigger.cs:102).  
470.89,Warning,***********Collision triggered in obstacle,UnityEngine.Debug:LogWarning (object).  obstacle_behavior:OnTriggerEnter () (at Assets/obstacle_behavior.cs:28).  
470.89,Warning,Obstacle removed!,UnityEngine.Debug:LogWarning (object).  collision_warning_system:obstacle_removed () (at Assets/collision_warning_system.cs:71).  obstacle_behavior:OnTriggerEnter () (at Assets/obstacle_behavior.cs:29).  
470.89,Log,COLLISION,UnityEngine.Debug:Log (object).  collision_warning_system:OnTriggerEnter () (at Assets/collision_warning_system.cs:195).  
474.49,Log,end of tracked road position: (34.64 0.00 902.55) beginning of break road position: (34.64 0.00 902.55),UnityEngine.Debug:Log (object).  TrialEndTrigger:OnTriggerEnter (UnityEngine.Collider) (at Assets/Scripts/TrialEndTrigger.cs:259).  
475.96,Log,Trial #42 has begun,UnityEngine.Debug:Log (object).  TrialStartTrigger:OnTriggerEnter (UnityEngine.Collider) (at Assets/Scripts/TrialStartTrigger.cs:102).  
481.86,Log,end of tracked road position: (158.93 0.00 902.29) beginning of break road position: (158.93 0.00 902.29),UnityEngine.Debug:Log (object).  TrialEndTrigger:OnTriggerEnter (UnityEngine.Collider) (at Assets/Scripts/TrialEndTrigger.cs:259).  
483.33,Log,Trial #43 has begun,UnityEngine.Debug:Log (object).  TrialStartTrigger:OnTriggerEnter (UnityEngine.Collider) (at Assets/Scripts/TrialStartTrigger.cs:102).  
488.94,Log,end of tracked road position: (208.67 0.00 776.09) beginning of break road position: (208.67 0.00 776.09),UnityEngine.Debug:Log (object).  TrialEndTrigger:OnTriggerEnter (UnityEngine.Collider) (at Assets/Scripts/TrialEndTrigger.cs:259).  
490.4,Log,Trial #44 has begun,UnityEngine.Debug:Log (object).  TrialStartTrigger:OnTriggerEnter (UnityEngine.Collider) (at Assets/Scripts/TrialStartTrigger.cs:102).  
496.08,Log,end of tracked road position: (127.07 0.00 682.34) beginning of break road position: (127.07 0.00 682.34),UnityEngine.Debug:Log (object).  TrialEndTrigger:OnTriggerEnter (UnityEngine.Collider) (at Assets/Scripts/TrialEndTrigger.cs:259).  
496.08,Log,**************** Set visibility to: 0.03,UnityEngine.Debug:Log (object).  TrialEndTrigger:OnTriggerEnter (UnityEngine.Collider) (at Assets/Scripts/TrialEndTrigger.cs:305).  
497.55,Log,Trial #45 has begun,UnityEngine.Debug:Log (object).  TrialStartTrigger:OnTriggerEnter (UnityEngine.Collider) (at Assets/Scripts/TrialStartTrigger.cs:102).  
503.51,Log,end of tracked road position: (6.02 0.00 626.12) beginning of break road position: (6.02 0.00 626.12),UnityEngine.Debug:Log (object).  TrialEndTrigger:OnTriggerEnter (UnityEngine.Collider) (at Assets/Scripts/TrialEndTrigger.cs:259).  
504.98,Log,Trial #46 has begun,UnityEngine.Debug:Log (object).  TrialStartTrigger:OnTriggerEnter (UnityEngine.Collider) (at Assets/Scripts/TrialStartTrigger.cs:102).  
510.84,Log,end of tracked road position: (-101.20 0.00 563.25) beginning of break road position: (-101.20 0.00 563.25),UnityEngine.Debug:Log (object).  TrialEndTrigger:OnTriggerEnter (UnityEngine.Collider) (at Assets/Scripts/TrialEndTrigger.cs:259).  
510.84,Log,**************** Set visibility to: 0.03,UnityEngine.Debug:Log (object).  TrialEndTrigger:OnTriggerEnter (UnityEngine.Collider) (at Assets/Scripts/TrialEndTrigger.cs:305).  
512.31,Log,Trial #47 has begun,UnityEngine.Debug:Log (object).  TrialStartTrigger:OnTriggerEnter (UnityEngine.Collider) (at Assets/Scripts/TrialStartTrigger.cs:102).  
518.46,Log,end of tracked road position: (-204.93 0.00 648.35) beginning of break road position: (-204.93 0.00 648.35),UnityEngine.Debug:Log (object).  TrialEndTrigger:OnTriggerEnter (UnityEngine.Collider) (at Assets/Scripts/TrialEndTrigger.cs:259).  
519.92,Log,Trial #48 has begun,UnityEngine.Debug:Log (object).  TrialStartTrigger:OnTriggerEnter (UnityEngine.Collider) (at Assets/Scripts/TrialStartTrigger.cs:102).  
525.61,Log,end of tracked road position: (-189.73 0.00 781.67) beginning of break road position: (-189.73 0.00 781.67),UnityEngine.Debug:Log (object).  TrialEndTrigger:OnTriggerEnter (UnityEngine.Collider) (at Assets/Scripts/TrialEndTrigger.cs:259).  
525.61,Log,**************** Set visibility to: 0.3,UnityEngine.Debug:Log (object).  TrialEndTrigger:OnTriggerEnter (UnityEngine.Collider) (at Assets/Scripts/TrialEndTrigger.cs:305).  
527.08,Log,Trial #49 has begun,UnityEngine.Debug:Log (object).  TrialStartTrigger:OnTriggerEnter (UnityEngine.Collider) (at Assets/Scripts/TrialStartTrigger.cs:102).  
532.73,Warning,***********Collision triggered in obstacle,UnityEngine.Debug:LogWarning (object).  obstacle_behavior:OnTriggerEnter () (at Assets/obstacle_behavior.cs:28).  
532.73,Warning,Obstacle removed!,UnityEngine.Debug:LogWarning (object).  collision_warning_system:obstacle_removed () (at Assets/collision_warning_system.cs:71).  obstacle_behavior:OnTriggerEnter () (at Assets/obstacle_behavior.cs:29).  
532.73,Log,COLLISION,UnityEngine.Debug:Log (object).  collision_warning_system:OnTriggerEnter () (at Assets/collision_warning_system.cs:195).  
536.57,Log,end of tracked road position: (-72.02 0.00 821.59) beginning of break road position: (-72.02 0.00 821.59),UnityEngine.Debug:Log (object).  TrialEndTrigger:OnTriggerEnter (UnityEngine.Collider) (at Assets/Scripts/TrialEndTrigger.cs:259).  
536.57,Log,**************** Set visibility to: 0.3,UnityEngine.Debug:Log (object).  TrialEndTrigger:OnTriggerEnter (UnityEngine.Collider) (at Assets/Scripts/TrialEndTrigger.cs:305).  
538.04,Log,Trial #50 has begun,UnityEngine.Debug:Log (object).  TrialStartTrigger:OnTriggerEnter (UnityEngine.Collider) (at Assets/Scripts/TrialStartTrigger.cs:102).  
543.57,Warning,***********Collision triggered in obstacle,UnityEngine.Debug:LogWarning (object).  obstacle_behavior:OnTriggerEnter () (at Assets/obstacle_behavior.cs:28).  
543.57,Warning,Obstacle removed!,UnityEngine.Debug:LogWarning (object).  collision_warning_system:obstacle_removed () (at Assets/collision_warning_system.cs:71).  obstacle_behavior:OnTriggerEnter () (at Assets/obstacle_behavior.cs:29).  
543.57,Log,COLLISION,UnityEngine.Debug:Log (object).  collision_warning_system:OnTriggerEnter () (at Assets/collision_warning_system.cs:195).  
547.44,Log,end of tracked road position: (-7.34 0.00 715.45) beginning of break road position: (-7.34 0.00 715.45),UnityEngine.Debug:Log (object).  TrialEndTrigger:OnTriggerEnter (UnityEngine.Collider) (at Assets/Scripts/TrialEndTrigger.cs:259).  
548.9,Log,Trial #51 has begun,UnityEngine.Debug:Log (object).  TrialStartTrigger:OnTriggerEnter (UnityEngine.Collider) (at Assets/Scripts/TrialStartTrigger.cs:102).  
554.54,Log,end of tracked road position: (-96.76 0.00 629.13) beginning of break road position: (-96.76 0.00 629.13),UnityEngine.Debug:Log (object).  TrialEndTrigger:OnTriggerEnter (UnityEngine.Collider) (at Assets/Scripts/TrialEndTrigger.cs:259).  
556.01,Log,Trial #52 has begun,UnityEngine.Debug:Log (object).  TrialStartTrigger:OnTriggerEnter (UnityEngine.Collider) (at Assets/Scripts/TrialStartTrigger.cs:102).  
561.62,Log,end of tracked road position: (-218.24 0.00 580.04) beginning of break road position: (-218.24 0.00 580.04),UnityEngine.Debug:Log (object).  TrialEndTrigger:OnTriggerEnter (UnityEngine.Collider) (at Assets/Scripts/TrialEndTrigger.cs:259).  
563.08,Log,Trial #53 has begun,UnityEngine.Debug:Log (object).  TrialStartTrigger:OnTriggerEnter (UnityEngine.Collider) (at Assets/Scripts/TrialStartTrigger.cs:102).  
568.98,Log,end of tracked road position: (-231.83 0.00 447.27) beginning of break road position: (-231.83 0.00 447.27),UnityEngine.Debug:Log (object).  TrialEndTrigger:OnTriggerEnter (UnityEngine.Collider) (at Assets/Scripts/TrialEndTrigger.cs:259).  
570.45,Log,Trial #54 has begun,UnityEngine.Debug:Log (object).  TrialStartTrigger:OnTriggerEnter (UnityEngine.Collider) (at Assets/Scripts/TrialStartTrigger.cs:102).  
576.32,Log,end of tracked road position: (-232.64 0.00 322.98) beginning of break road position: (-232.64 0.00 322.98),UnityEngine.Debug:Log (object).  TrialEndTrigger:OnTriggerEnter (UnityEngine.Collider) (at Assets/Scripts/TrialEndTrigger.cs:259).  
576.32,Log,**************** Set visibility to: 0.03,UnityEngine.Debug:Log (object).  TrialEndTrigger:OnTriggerEnter (UnityEngine.Collider) (at Assets/Scripts/TrialEndTrigger.cs:305).  
577.79,Log,Trial #55 has begun,UnityEngine.Debug:Log (object).  TrialStartTrigger:OnTriggerEnter (UnityEngine.Collider) (at Assets/Scripts/TrialStartTrigger.cs:102).  
583.92,Warning,***********Collision triggered in obstacle,UnityEngine.Debug:LogWarning (object).  obstacle_behavior:OnTriggerEnter () (at Assets/obstacle_behavior.cs:28).  
583.92,Warning,Obstacle removed!,UnityEngine.Debug:LogWarning (object).  collision_warning_system:obstacle_removed () (at Assets/collision_warning_system.cs:71).  obstacle_behavior:OnTriggerEnter () (at Assets/obstacle_behavior.cs:29).  
583.92,Log,COLLISION,UnityEngine.Debug:Log (object).  collision_warning_system:OnTriggerEnter () (at Assets/collision_warning_system.cs:195).  
587.61,Log,end of tracked road position: (-282.48 0.00 201.81) beginning of break road position: (-282.48 0.00 201.81),UnityEngine.Debug:Log (object).  TrialEndTrigger:OnTriggerEnter (UnityEngine.Collider) (at Assets/Scripts/TrialEndTrigger.cs:259).  
589.07,Log,Trial #56 has begun,UnityEngine.Debug:Log (object).  TrialStartTrigger:OnTriggerEnter (UnityEngine.Collider) (at Assets/Scripts/TrialStartTrigger.cs:102).  
594.97,Log,end of tracked road position: (-296.29 0.00 68.35) beginning of break road position: (-296.29 0.00 68.35),UnityEngine.Debug:Log (object).  TrialEndTrigger:OnTriggerEnter (UnityEngine.Collider) (at Assets/Scripts/TrialEndTrigger.cs:259).  
596.44,Log,Trial #57 has begun,UnityEngine.Debug:Log (object).  TrialStartTrigger:OnTriggerEnter (UnityEngine.Collider) (at Assets/Scripts/TrialStartTrigger.cs:102).  
602.1,Log,end of tracked road position: (-342.23 0.00 -59.69) beginning of break road position: (-342.23 0.00 -59.69),UnityEngine.Debug:Log (object).  TrialEndTrigger:OnTriggerEnter (UnityEngine.Collider) (at Assets/Scripts/TrialEndTrigger.cs:259).  
602.1,Log,**************** Set visibility to: 0.3,UnityEngine.Debug:Log (object).  TrialEndTrigger:OnTriggerEnter (UnityEngine.Collider) (at Assets/Scripts/TrialEndTrigger.cs:305).  
603.57,Log,Trial #58 has begun,UnityEngine.Debug:Log (object).  TrialStartTrigger:OnTriggerEnter (UnityEngine.Collider) (at Assets/Scripts/TrialStartTrigger.cs:102).  
613.56,Log,end of tracked road position: (-372.27 0.00 -187.10) beginning of break road position: (-372.27 0.00 -187.10),UnityEngine.Debug:Log (object).  TrialEndTrigger:OnTriggerEnter (UnityEngine.Collider) (at Assets/Scripts/TrialEndTrigger.cs:259).  
613.56,Log,**************** Set visibility to: 0.3,UnityEngine.Debug:Log (object).  TrialEndTrigger:OnTriggerEnter (UnityEngine.Collider) (at Assets/Scripts/TrialEndTrigger.cs:305).  
615.02,Log,Trial #59 has begun,UnityEngine.Debug:Log (object).  TrialStartTrigger:OnTriggerEnter (UnityEngine.Collider) (at Assets/Scripts/TrialStartTrigger.cs:102).  
618.1,Warning,***********Collision triggered in obstacle,UnityEngine.Debug:LogWarning (object).  obstacle_behavior:OnTriggerEnter () (at Assets/obstacle_behavior.cs:28).  
618.1,Warning,Obstacle removed!,UnityEngine.Debug:LogWarning (object).  collision_warning_system:obstacle_removed () (at Assets/collision_warning_system.cs:71).  obstacle_behavior:OnTriggerEnter () (at Assets/obstacle_behavior.cs:29).  
618.1,Log,COLLISION,UnityEngine.Debug:Log (object).  collision_warning_system:OnTriggerEnter () (at Assets/collision_warning_system.cs:195).  
622.64,Log,end of tracked road position: (-500.18 0.00 -214.91) beginning of break road position: (-500.18 0.00 -214.91),UnityEngine.Debug:Log (object).  TrialEndTrigger:OnTriggerEnter (UnityEngine.Collider) (at Assets/Scripts/TrialEndTrigger.cs:259).  
622.64,Log,**************** Set visibility to: 1,UnityEngine.Debug:Log (object).  TrialEndTrigger:OnTriggerEnter (UnityEngine.Collider) (at Assets/Scripts/TrialEndTrigger.cs:305).  
624.15,Log,Trial #60 has begun,UnityEngine.Debug:Log (object).  TrialStartTrigger:OnTriggerEnter (UnityEngine.Collider) (at Assets/Scripts/TrialStartTrigger.cs:102).  
629.75,Warning,***********Collision triggered in obstacle,UnityEngine.Debug:LogWarning (object).  obstacle_behavior:OnTriggerEnter () (at Assets/obstacle_behavior.cs:28).  
629.75,Warning,Obstacle removed!,UnityEngine.Debug:LogWarning (object).  collision_warning_system:obstacle_removed () (at Assets/collision_warning_system.cs:71).  obstacle_behavior:OnTriggerEnter () (at Assets/obstacle_behavior.cs:29).  
629.75,Log,COLLISION,UnityEngine.Debug:Log (object).  collision_warning_system:OnTriggerEnter () (at Assets/collision_warning_system.cs:195).  
633.93,Log,end of tracked road position: (-631.30 0.00 -210.85) beginning of break road position: (-631.30 0.00 -210.85),UnityEngine.Debug:Log (object).  TrialEndTrigger:OnTriggerEnter (UnityEngine.Collider) (at Assets/Scripts/TrialEndTrigger.cs:259).  
633.93,Log,**************** Set visibility to: 1,UnityEngine.Debug:Log (object).  TrialEndTrigger:OnTriggerEnter (UnityEngine.Collider) (at Assets/Scripts/TrialEndTrigger.cs:305).  
635.39,Log,Trial #61 has begun,UnityEngine.Debug:Log (object).  TrialStartTrigger:OnTriggerEnter (UnityEngine.Collider) (at Assets/Scripts/TrialStartTrigger.cs:102).  
641.53,Warning,***********Collision triggered in obstacle,UnityEngine.Debug:LogWarning (object).  obstacle_behavior:OnTriggerEnter () (at Assets/obstacle_behavior.cs:28).  
641.53,Warning,Obstacle removed!,UnityEngine.Debug:LogWarning (object).  collision_warning_system:obstacle_removed () (at Assets/collision_warning_system.cs:71).  obstacle_behavior:OnTriggerEnter () (at Assets/obstacle_behavior.cs:29).  
641.53,Log,COLLISION,UnityEngine.Debug:Log (object).  collision_warning_system:OnTriggerEnter () (at Assets/collision_warning_system.cs:195).  
645.26,Log,end of tracked road position: (-692.37 0.00 -326.76) beginning of break road position: (-692.37 0.00 -326.76),UnityEngine.Debug:Log (object).  TrialEndTrigger:OnTriggerEnter (UnityEngine.Collider) (at Assets/Scripts/TrialEndTrigger.cs:259).  
645.26,Log,**************** Set visibility to: 1,UnityEngine.Debug:Log (object).  TrialEndTrigger:OnTriggerEnter (UnityEngine.Collider) (at Assets/Scripts/TrialEndTrigger.cs:305).  
646.73,Log,Trial #62 has begun,UnityEngine.Debug:Log (object).  TrialStartTrigger:OnTriggerEnter (UnityEngine.Collider) (at Assets/Scripts/TrialStartTrigger.cs:102).  
652.56,Warning,***********Collision triggered in obstacle,UnityEngine.Debug:LogWarning (object).  obstacle_behavior:OnTriggerEnter () (at Assets/obstacle_behavior.cs:28).  
652.56,Warning,Obstacle removed!,UnityEngine.Debug:LogWarning (object).  collision_warning_system:obstacle_removed () (at Assets/collision_warning_system.cs:71).  obstacle_behavior:OnTriggerEnter () (at Assets/obstacle_behavior.cs:29).  
652.56,Log,COLLISION,UnityEngine.Debug:Log (object).  collision_warning_system:OnTriggerEnter () (at Assets/collision_warning_system.cs:195).  
656.65,Log,end of tracked road position: (-620.34 0.00 -442.15) beginning of break road position: (-620.34 0.00 -442.15),UnityEngine.Debug:Log (object).  TrialEndTrigger:OnTriggerEnter (UnityEngine.Collider) (at Assets/Scripts/TrialEndTrigger.cs:259).  
658.12,Log,Trial #63 has begun,UnityEngine.Debug:Log (object).  TrialStartTrigger:OnTriggerEnter (UnityEngine.Collider) (at Assets/Scripts/TrialStartTrigger.cs:102).  
663.99,Log,end of tracked road position: (-489.34 0.00 -444.41) beginning of break road position: (-489.34 0.00 -444.41),UnityEngine.Debug:Log (object).  TrialEndTrigger:OnTriggerEnter (UnityEngine.Collider) (at Assets/Scripts/TrialEndTrigger.cs:259).  
663.99,Log,**************** Set visibility to: 0.3,UnityEngine.Debug:Log (object).  TrialEndTrigger:OnTriggerEnter (UnityEngine.Collider) (at Assets/Scripts/TrialEndTrigger.cs:305).  
665.45,Log,Trial #64 has begun,UnityEngine.Debug:Log (object).  TrialStartTrigger:OnTriggerEnter (UnityEngine.Collider) (at Assets/Scripts/TrialStartTrigger.cs:102).  
671.55,Warning,***********Collision triggered in obstacle,UnityEngine.Debug:LogWarning (object).  obstacle_behavior:OnTriggerEnter () (at Assets/obstacle_behavior.cs:28).  
671.55,Warning,Obstacle removed!,UnityEngine.Debug:LogWarning (object).  collision_warning_system:obstacle_removed () (at Assets/collision_warning_system.cs:71).  obstacle_behavior:OnTriggerEnter () (at Assets/obstacle_behavior.cs:29).  
671.55,Log,COLLISION,UnityEngine.Debug:Log (object).  collision_warning_system:OnTriggerEnter () (at Assets/collision_warning_system.cs:195).  
675,Log,end of tracked road position: (-361.62 0.00 -415.71) beginning of break road position: (-361.62 0.00 -415.71),UnityEngine.Debug:Log (object).  TrialEndTrigger:OnTriggerEnter (UnityEngine.Collider) (at Assets/Scripts/TrialEndTrigger.cs:259).  
676.47,Log,Trial #65 has begun,UnityEngine.Debug:Log (object).  TrialStartTrigger:OnTriggerEnter (UnityEngine.Collider) (at Assets/Scripts/TrialStartTrigger.cs:102).  
682.09,Log,end of tracked road position: (-230.63 0.00 -418.54) beginning of break road position: (-230.63 0.00 -418.54),UnityEngine.Debug:Log (object).  TrialEndTrigger:OnTriggerEnter (UnityEngine.Collider) (at Assets/Scripts/TrialEndTrigger.cs:259).  
682.09,Log,**************** Set visibility to: 1,UnityEngine.Debug:Log (object).  TrialEndTrigger:OnTriggerEnter (UnityEngine.Collider) (at Assets/Scripts/TrialEndTrigger.cs:305).  
683.56,Log,Trial #66 has begun,UnityEngine.Debug:Log (object).  TrialStartTrigger:OnTriggerEnter (UnityEngine.Collider) (at Assets/Scripts/TrialStartTrigger.cs:102).  
689.46,Warning,***********Collision triggered in obstacle,UnityEngine.Debug:LogWarning (object).  obstacle_behavior:OnTriggerEnter () (at Assets/obstacle_behavior.cs:28).  
689.46,Warning,Obstacle removed!,UnityEngine.Debug:LogWarning (object).  collision_warning_system:obstacle_removed () (at Assets/collision_warning_system.cs:71).  obstacle_behavior:OnTriggerEnter () (at Assets/obstacle_behavior.cs:29).  
689.46,Log,COLLISION,UnityEngine.Debug:Log (object).  collision_warning_system:OnTriggerEnter () (at Assets/collision_warning_system.cs:195).  
693.51,Log,end of tracked road position: (-102.79 0.00 -390.41) beginning of break road position: (-102.79 0.00 -390.41),UnityEngine.Debug:Log (object).  TrialEndTrigger:OnTriggerEnter (UnityEngine.Collider) (at Assets/Scripts/TrialEndTrigger.cs:259).  
694.98,Log,Trial #67 has begun,UnityEngine.Debug:Log (object).  TrialStartTrigger:OnTriggerEnter (UnityEngine.Collider) (at Assets/Scripts/TrialStartTrigger.cs:102).  
700.62,Log,end of tracked road position: (28.18 0.00 -393.81) beginning of break road position: (28.18 0.00 -393.81),UnityEngine.Debug:Log (object).  TrialEndTrigger:OnTriggerEnter (UnityEngine.Collider) (at Assets/Scripts/TrialEndTrigger.cs:259).  
700.62,Log,**************** Set visibility to: 1,UnityEngine.Debug:Log (object).  TrialEndTrigger:OnTriggerEnter (UnityEngine.Collider) (at Assets/Scripts/TrialEndTrigger.cs:305).  
702.08,Log,Trial #68 has begun,UnityEngine.Debug:Log (object).  TrialStartTrigger:OnTriggerEnter (UnityEngine.Collider) (at Assets/Scripts/TrialStartTrigger.cs:102).  
712.23,Log,end of tracked road position: (88.21 0.00 -277.36) beginning of break road position: (88.21 0.00 -277.36),UnityEngine.Debug:Log (object).  TrialEndTrigger:OnTriggerEnter (UnityEngine.Collider) (at Assets/Scripts/TrialEndTrigger.cs:259).  
713.7,Log,Trial #69 has begun,UnityEngine.Debug:Log (object).  TrialStartTrigger:OnTriggerEnter (UnityEngine.Collider) (at Assets/Scripts/TrialStartTrigger.cs:102).  
719.59,Log,end of tracked road position: (9.47 0.00 -172.65) beginning of break road position: (9.47 0.00 -172.65),UnityEngine.Debug:Log (object).  TrialEndTrigger:OnTriggerEnter (UnityEngine.Collider) (at Assets/Scripts/TrialEndTrigger.cs:259).  
721.06,Log,Trial #70 has begun,UnityEngine.Debug:Log (object).  TrialStartTrigger:OnTriggerEnter (UnityEngine.Collider) (at Assets/Scripts/TrialStartTrigger.cs:102).  
726.97,Log,end of tracked road position: (-79.60 0.00 -85.95) beginning of break road position: (-79.60 0.00 -85.95),UnityEngine.Debug:Log (object).  TrialEndTrigger:OnTriggerEnter (UnityEngine.Collider) (at Assets/Scripts/TrialEndTrigger.cs:259).  
728.44,Log,Trial #71 has begun,UnityEngine.Debug:Log (object).  TrialStartTrigger:OnTriggerEnter (UnityEngine.Collider) (at Assets/Scripts/TrialStartTrigger.cs:102).  
734.05,Log,end of tracked road position: (-25.07 0.00 36.64) beginning of break road position: (-25.07 0.00 36.64),UnityEngine.Debug:Log (object).  TrialEndTrigger:OnTriggerEnter (UnityEngine.Collider) (at Assets/Scripts/TrialEndTrigger.cs:259).  
735.52,Log,Trial #72 has begun,UnityEngine.Debug:Log (object).  TrialStartTrigger:OnTriggerEnter (UnityEngine.Collider) (at Assets/Scripts/TrialStartTrigger.cs:102).  
741.18,Log,end of tracked road position: (52.28 0.00 145.42) beginning of break road position: (52.28 0.00 145.42),UnityEngine.Debug:Log (object).  TrialEndTrigger:OnTriggerEnter (UnityEngine.Collider) (at Assets/Scripts/TrialEndTrigger.cs:259).  
741.18,Log,**************** Set visibility to: 0.3,UnityEngine.Debug:Log (object).  TrialEndTrigger:OnTriggerEnter (UnityEngine.Collider) (at Assets/Scripts/TrialEndTrigger.cs:305).  
742.65,Log,Trial #73 has begun,UnityEngine.Debug:Log (object).  TrialStartTrigger:OnTriggerEnter (UnityEngine.Collider) (at Assets/Scripts/TrialStartTrigger.cs:102).  
749.05,Warning,***********Collision triggered in obstacle,UnityEngine.Debug:LogWarning (object).  obstacle_behavior:OnTriggerEnter () (at Assets/obstacle_behavior.cs:28).  
749.05,Warning,Obstacle removed!,UnityEngine.Debug:LogWarning (object).  collision_warning_system:obstacle_removed () (at Assets/collision_warning_system.cs:71).  obstacle_behavior:OnTriggerEnter () (at Assets/obstacle_behavior.cs:29).  
749.05,Log,COLLISION,UnityEngine.Debug:Log (object).  collision_warning_system:OnTriggerEnter () (at Assets/collision_warning_system.cs:195).  
752.44,Log,end of tracked road position: (114.32 0.00 253.12) beginning of break road position: (114.32 0.00 253.12),UnityEngine.Debug:Log (object).  TrialEndTrigger:OnTriggerEnter (UnityEngine.Collider) (at Assets/Scripts/TrialEndTrigger.cs:259).  
752.44,Log,**************** Set visibility to: 0.03,UnityEngine.Debug:Log (object).  TrialEndTrigger:OnTriggerEnter (UnityEngine.Collider) (at Assets/Scripts/TrialEndTrigger.cs:305).  
753.91,Log,Trial #74 has begun,UnityEngine.Debug:Log (object).  TrialStartTrigger:OnTriggerEnter (UnityEngine.Collider) (at Assets/Scripts/TrialStartTrigger.cs:102).  
759.75,Warning,***********Collision triggered in obstacle,UnityEngine.Debug:LogWarning (object).  obstacle_behavior:OnTriggerEnter () (at Assets/obstacle_behavior.cs:28).  
759.75,Warning,Obstacle removed!,UnityEngine.Debug:LogWarning (object).  collision_warning_system:obstacle_removed () (at Assets/collision_warning_system.cs:71).  obstacle_behavior:OnTriggerEnter () (at Assets/obstacle_behavior.cs:29).  
759.75,Log,COLLISION,UnityEngine.Debug:Log (object).  collision_warning_system:OnTriggerEnter () (at Assets/collision_warning_system.cs:195).  
763.42,Log,end of tracked road position: (227.61 0.00 328.42) beginning of break road position: (227.61 0.00 328.42),UnityEngine.Debug:Log (object).  TrialEndTrigger:OnTriggerEnter (UnityEngine.Collider) (at Assets/Scripts/TrialEndTrigger.cs:259).  
764.89,Log,Trial #75 has begun,UnityEngine.Debug:Log (object).  TrialStartTrigger:OnTriggerEnter (UnityEngine.Collider) (at Assets/Scripts/TrialStartTrigger.cs:102).  
770.78,Log,end of tracked road position: (329.10 0.00 400.17) beginning of break road position: (329.10 0.00 400.17),UnityEngine.Debug:Log (object).  TrialEndTrigger:OnTriggerEnter (UnityEngine.Collider) (at Assets/Scripts/TrialEndTrigger.cs:259).  
770.78,Log,**************** Set visibility to: 0.3,UnityEngine.Debug:Log (object).  TrialEndTrigger:OnTriggerEnter (UnityEngine.Collider) (at Assets/Scripts/TrialEndTrigger.cs:305).  
772.25,Log,Trial #76 has begun,UnityEngine.Debug:Log (object).  TrialStartTrigger:OnTriggerEnter (UnityEngine.Collider) (at Assets/Scripts/TrialStartTrigger.cs:102).  
778.62,Warning,***********Collision triggered in obstacle,UnityEngine.Debug:LogWarning (object).  obstacle_behavior:OnTriggerEnter () (at Assets/obstacle_behavior.cs:28).  
778.62,Warning,Obstacle removed!,UnityEngine.Debug:LogWarning (object).  collision_warning_system:obstacle_removed () (at Assets/collision_warning_system.cs:71).  obstacle_behavior:OnTriggerEnter () (at Assets/obstacle_behavior.cs:29).  
778.62,Log,COLLISION,UnityEngine.Debug:Log (object).  collision_warning_system:OnTriggerEnter () (at Assets/collision_warning_system.cs:195).  
782.02,Log,end of tracked road position: (456.62 0.00 430.26) beginning of break road position: (456.62 0.00 430.26),UnityEngine.Debug:Log (object).  TrialEndTrigger:OnTriggerEnter (UnityEngine.Collider) (at Assets/Scripts/TrialEndTrigger.cs:259).  
783.49,Log,Trial #77 has begun,UnityEngine.Debug:Log (object).  TrialStartTrigger:OnTriggerEnter (UnityEngine.Collider) (at Assets/Scripts/TrialStartTrigger.cs:102).  
789.4,Log,end of tracked road position: (571.77 0.00 477.03) beginning of break road position: (571.77 0.00 477.03),UnityEngine.Debug:Log (object).  TrialEndTrigger:OnTriggerEnter (UnityEngine.Collider) (at Assets/Scripts/TrialEndTrigger.cs:259).  
790.87,Log,Trial #78 has begun,UnityEngine.Debug:Log (object).  TrialStartTrigger:OnTriggerEnter (UnityEngine.Collider) (at Assets/Scripts/TrialStartTrigger.cs:102).  
796.47,Log,end of tracked road position: (642.58 0.00 374.87) beginning of break road position: (642.58 0.00 374.87),UnityEngine.Debug:Log (object).  TrialEndTrigger:OnTriggerEnter (UnityEngine.Collider) (at Assets/Scripts/TrialEndTrigger.cs:259).  
797.94,Log,Trial #79 has begun,UnityEngine.Debug:Log (object).  TrialStartTrigger:OnTriggerEnter (UnityEngine.Collider) (at Assets/Scripts/TrialStartTrigger.cs:102).  
803.55,Log,end of tracked road position: (671.49 0.00 247.08) beginning of break road position: (671.49 0.00 247.08),UnityEngine.Debug:Log (object).  TrialEndTrigger:OnTriggerEnter (UnityEngine.Collider) (at Assets/Scripts/TrialEndTrigger.cs:259).  
805.01,Log,Trial #80 has begun,UnityEngine.Debug:Log (object).  TrialStartTrigger:OnTriggerEnter (UnityEngine.Collider) (at Assets/Scripts/TrialStartTrigger.cs:102).  
810.9,Log,end of tracked road position: (736.93 0.00 129.95) beginning of break road position: (736.93 0.00 129.95),UnityEngine.Debug:Log (object).  TrialEndTrigger:OnTriggerEnter (UnityEngine.Collider) (at Assets/Scripts/TrialEndTrigger.cs:259).  
812.36,Log,Trial #81 has begun,UnityEngine.Debug:Log (object).  TrialStartTrigger:OnTriggerEnter (UnityEngine.Collider) (at Assets/Scripts/TrialStartTrigger.cs:102).  
818.03,Log,end of tracked road position: (781.37 0.00 6.70) beginning of break road position: (781.37 0.00 6.70),UnityEngine.Debug:Log (object).  TrialEndTrigger:OnTriggerEnter (UnityEngine.Collider) (at Assets/Scripts/TrialEndTrigger.cs:259).  
818.03,Log,**************** Set visibility to: 0.3,UnityEngine.Debug:Log (object).  TrialEndTrigger:OnTriggerEnter (UnityEngine.Collider) (at Assets/Scripts/TrialEndTrigger.cs:305).  
819.49,Log,Trial #82 has begun,UnityEngine.Debug:Log (object).  TrialStartTrigger:OnTriggerEnter (UnityEngine.Collider) (at Assets/Scripts/TrialStartTrigger.cs:102).  
829.07,Log,end of tracked road position: (840.96 0.00 -102.38) beginning of break road position: (840.96 0.00 -102.38),UnityEngine.Debug:Log (object).  TrialEndTrigger:OnTriggerEnter (UnityEngine.Collider) (at Assets/Scripts/TrialEndTrigger.cs:259).  
830.54,Log,Trial #83 has begun,UnityEngine.Debug:Log (object).  TrialStartTrigger:OnTriggerEnter (UnityEngine.Collider) (at Assets/Scripts/TrialStartTrigger.cs:102).  
836.16,Log,end of tracked road position: (747.55 0.00 -184.37) beginning of break road position: (747.55 0.00 -184.37),UnityEngine.Debug:Log (object).  TrialEndTrigger:OnTriggerEnter (UnityEngine.Collider) (at Assets/Scripts/TrialEndTrigger.cs:259).  
837.63,Log,Trial #84 has begun,UnityEngine.Debug:Log (object).  TrialStartTrigger:OnTriggerEnter (UnityEngine.Collider) (at Assets/Scripts/TrialStartTrigger.cs:102).  
843.22,Log,end of tracked road position: (647.12 0.00 -111.15) beginning of break road position: (647.12 0.00 -111.15),UnityEngine.Debug:Log (object).  TrialEndTrigger:OnTriggerEnter (UnityEngine.Collider) (at Assets/Scripts/TrialEndTrigger.cs:259).  
844.68,Log,Trial #85 has begun,UnityEngine.Debug:Log (object).  TrialStartTrigger:OnTriggerEnter (UnityEngine.Collider) (at Assets/Scripts/TrialStartTrigger.cs:102).  
850.27,Log,end of tracked road position: (584.39 0.00 9.56) beginning of break road position: (584.39 0.00 9.56),UnityEngine.Debug:Log (object).  TrialEndTrigger:OnTriggerEnter (UnityEngine.Collider) (at Assets/Scripts/TrialEndTrigger.cs:259).  
851.74,Log,Trial #86 has begun,UnityEngine.Debug:Log (object).  TrialStartTrigger:OnTriggerEnter (UnityEngine.Collider) (at Assets/Scripts/TrialStartTrigger.cs:102).  
857.62,Log,end of tracked road position: (500.67 0.00 116.29) beginning of break road position: (500.67 0.00 116.29),UnityEngine.Debug:Log (object).  TrialEndTrigger:OnTriggerEnter (UnityEngine.Collider) (at Assets/Scripts/TrialEndTrigger.cs:259).  
857.62,Log,**************** Set visibility to: 0.3,UnityEngine.Debug:Log (object).  TrialEndTrigger:OnTriggerEnter (UnityEngine.Collider) (at Assets/Scripts/TrialEndTrigger.cs:305).  
859.09,Log,Trial #87 has begun,UnityEngine.Debug:Log (object).  TrialStartTrigger:OnTriggerEnter (UnityEngine.Collider) (at Assets/Scripts/TrialStartTrigger.cs:102).  
865.28,Warning,***********Collision triggered in obstacle,UnityEngine.Debug:LogWarning (object).  obstacle_behavior:OnTriggerEnter () (at Assets/obstacle_behavior.cs:28).  
865.28,Warning,Obstacle removed!,UnityEngine.Debug:LogWarning (object).  collision_warning_system:obstacle_removed () (at Assets/collision_warning_system.cs:71).  obstacle_behavior:OnTriggerEnter () (at Assets/obstacle_behavior.cs:29).  
865.28,Log,COLLISION,UnityEngine.Debug:Log (object).  collision_warning_system:OnTriggerEnter () (at Assets/collision_warning_system.cs:195).  
868.64,Log,end of tracked road position: (539.48 0.00 244.72) beginning of break road position: (539.48 0.00 244.72),UnityEngine.Debug:Log (object).  TrialEndTrigger:OnTriggerEnter (UnityEngine.Collider) (at Assets/Scripts/TrialEndTrigger.cs:259).  
868.64,Log,**************** Set visibility to: 0.03,UnityEngine.Debug:Log (object).  TrialEndTrigger:OnTriggerEnter (UnityEngine.Collider) (at Assets/Scripts/TrialEndTrigger.cs:305).  
870.11,Log,Trial #88 has begun,UnityEngine.Debug:Log (object).  TrialStartTrigger:OnTriggerEnter (UnityEngine.Collider) (at Assets/Scripts/TrialStartTrigger.cs:102).  
876.38,Warning,***********Collision triggered in obstacle,UnityEngine.Debug:LogWarning (object).  obstacle_behavior:OnTriggerEnter () (at Assets/obstacle_behavior.cs:28).  
876.38,Warning,Obstacle removed!,UnityEngine.Debug:LogWarning (object).  collision_warning_system:obstacle_removed () (at Assets/collision_warning_system.cs:71).  obstacle_behavior:OnTriggerEnter () (at Assets/obstacle_behavior.cs:29).  
876.38,Log,COLLISION,UnityEngine.Debug:Log (object).  collision_warning_system:OnTriggerEnter () (at Assets/collision_warning_system.cs:195).  
879.92,Log,end of tracked road position: (597.30 0.00 362.29) beginning of break road position: (597.30 0.00 362.29),UnityEngine.Debug:Log (object).  TrialEndTrigger:OnTriggerEnter (UnityEngine.Collider) (at Assets/Scripts/TrialEndTrigger.cs:259).  
879.92,Log,**************** Set visibility to: 0.3,UnityEngine.Debug:Log (object).  TrialEndTrigger:OnTriggerEnter (UnityEngine.Collider) (at Assets/Scripts/TrialEndTrigger.cs:305).  
881.39,Log,Trial #89 has begun,UnityEngine.Debug:Log (object).  TrialStartTrigger:OnTriggerEnter (UnityEngine.Collider) (at Assets/Scripts/TrialStartTrigger.cs:102).  
887.9,Warning,***********Collision triggered in obstacle,UnityEngine.Debug:LogWarning (object).  obstacle_behavior:OnTriggerEnter () (at Assets/obstacle_behavior.cs:28).  
887.9,Warning,Obstacle removed!,UnityEngine.Debug:LogWarning (object).  collision_warning_system:obstacle_removed () (at Assets/collision_warning_system.cs:71).  obstacle_behavior:OnTriggerEnter () (at Assets/obstacle_behavior.cs:29).  
887.9,Log,COLLISION,UnityEngine.Debug:Log (object).  collision_warning_system:OnTriggerEnter () (at Assets/collision_warning_system.cs:195).  
891.48,Log,end of tracked road position: (518.92 0.00 470.32) beginning of break road position: (518.92 0.00 470.32),UnityEngine.Debug:Log (object).  TrialEndTrigger:OnTriggerEnter (UnityEngine.Collider) (at Assets/Scripts/TrialEndTrigger.cs:259).  
892.95,Log,Trial #90 has begun,UnityEngine.Debug:Log (object).  TrialStartTrigger:OnTriggerEnter (UnityEngine.Collider) (at Assets/Scripts/TrialStartTrigger.cs:102).  
898.84,Log,end of tracked road position: (388.62 0.00 455.04) beginning of break road position: (388.62 0.00 455.04),UnityEngine.Debug:Log (object).  TrialEndTrigger:OnTriggerEnter (UnityEngine.Collider) (at Assets/Scripts/TrialEndTrigger.cs:259).  
898.84,Log,**************** Set visibility to: 0.03,UnityEngine.Debug:Log (object).  TrialEndTrigger:OnTriggerEnter (UnityEngine.Collider) (at Assets/Scripts/TrialEndTrigger.cs:305).  
900.3,Log,Trial #91 has begun,UnityEngine.Debug:Log (object).  TrialStartTrigger:OnTriggerEnter (UnityEngine.Collider) (at Assets/Scripts/TrialStartTrigger.cs:102).  
906.05,Warning,***********Collision triggered in obstacle,UnityEngine.Debug:LogWarning (object).  obstacle_behavior:OnTriggerEnter () (at Assets/obstacle_behavior.cs:28).  
906.05,Warning,Obstacle removed!,UnityEngine.Debug:LogWarning (object).  collision_warning_system:obstacle_removed () (at Assets/collision_warning_system.cs:71).  obstacle_behavior:OnTriggerEnter () (at Assets/obstacle_behavior.cs:29).  
906.05,Log,COLLISION,UnityEngine.Debug:Log (object).  collision_warning_system:OnTriggerEnter () (at Assets/collision_warning_system.cs:195).  
909.68,Log,end of tracked road position: (265.71 0.00 410.02) beginning of break road position: (265.71 0.00 410.02),UnityEngine.Debug:Log (object).  TrialEndTrigger:OnTriggerEnter (UnityEngine.Collider) (at Assets/Scripts/TrialEndTrigger.cs:259).  
909.68,Log,**************** Set visibility to: 1,UnityEngine.Debug:Log (object).  TrialEndTrigger:OnTriggerEnter (UnityEngine.Collider) (at Assets/Scripts/TrialEndTrigger.cs:305).  
911.15,Log,Trial #92 has begun,UnityEngine.Debug:Log (object).  TrialStartTrigger:OnTriggerEnter (UnityEngine.Collider) (at Assets/Scripts/TrialStartTrigger.cs:102).  
917.24,Warning,***********Collision triggered in obstacle,UnityEngine.Debug:LogWarning (object).  obstacle_behavior:OnTriggerEnter () (at Assets/obstacle_behavior.cs:28).  
917.24,Warning,Obstacle removed!,UnityEngine.Debug:LogWarning (object).  collision_warning_system:obstacle_removed () (at Assets/collision_warning_system.cs:71).  obstacle_behavior:OnTriggerEnter () (at Assets/obstacle_behavior.cs:29).  
917.24,Log,COLLISION,UnityEngine.Debug:Log (object).  collision_warning_system:OnTriggerEnter () (at Assets/collision_warning_system.cs:195).  
920.65,Log,end of tracked road position: (162.06 0.00 497.52) beginning of break road position: (162.06 0.00 497.52),UnityEngine.Debug:Log (object).  TrialEndTrigger:OnTriggerEnter (UnityEngine.Collider) (at Assets/Scripts/TrialEndTrigger.cs:259).  
920.65,Log,**************** Set visibility to: 1,UnityEngine.Debug:Log (object).  TrialEndTrigger:OnTriggerEnter (UnityEngine.Collider) (at Assets/Scripts/TrialEndTrigger.cs:305).  
922.11,Log,Trial #93 has begun,UnityEngine.Debug:Log (object).  TrialStartTrigger:OnTriggerEnter (UnityEngine.Collider) (at Assets/Scripts/TrialStartTrigger.cs:102).  
928.49,Warning,***********Collision triggered in obstacle,UnityEngine.Debug:LogWarning (object).  obstacle_behavior:OnTriggerEnter () (at Assets/obstacle_behavior.cs:28).  
928.49,Warning,Obstacle removed!,UnityEngine.Debug:LogWarning (object).  collision_warning_system:obstacle_removed () (at Assets/collision_warning_system.cs:71).  obstacle_behavior:OnTriggerEnter () (at Assets/obstacle_behavior.cs:29).  
928.49,Log,COLLISION,UnityEngine.Debug:Log (object).  collision_warning_system:OnTriggerEnter () (at Assets/collision_warning_system.cs:195).  
932.02,Log,end of tracked road position: (73.26 0.00 593.86) beginning of break road position: (73.26 0.00 593.86),UnityEngine.Debug:Log (object).  TrialEndTrigger:OnTriggerEnter (UnityEngine.Collider) (at Assets/Scripts/TrialEndTrigger.cs:259).  
932.02,Log,**************** Set visibility to: 0.03,UnityEngine.Debug:Log (object).  TrialEndTrigger:OnTriggerEnter (UnityEngine.Collider) (at Assets/Scripts/TrialEndTrigger.cs:305).  
933.49,Log,Trial #94 has begun,UnityEngine.Debug:Log (object).  TrialStartTrigger:OnTriggerEnter (UnityEngine.Collider) (at Assets/Scripts/TrialStartTrigger.cs:102).  
936.87,Warning,***********Collision triggered in obstacle,UnityEngine.Debug:LogWarning (object).  obstacle_behavior:OnTriggerEnter () (at Assets/obstacle_behavior.cs:28).  
936.87,Warning,Obstacle removed!,UnityEngine.Debug:LogWarning (object).  collision_warning_system:obstacle_removed () (at Assets/collision_warning_system.cs:71).  obstacle_behavior:OnTriggerEnter () (at Assets/obstacle_behavior.cs:29).  
936.87,Log,COLLISION,UnityEngine.Debug:Log (object).  collision_warning_system:OnTriggerEnter () (at Assets/collision_warning_system.cs:195).  
940.19,Log,end of tracked road position: (-55.77 0.00 559.72) beginning of break road position: (-55.77 0.00 559.72),UnityEngine.Debug:Log (object).  TrialEndTrigger:OnTriggerEnter (UnityEngine.Collider) (at Assets/Scripts/TrialEndTrigger.cs:259).  
941.66,Log,Trial #95 has begun,UnityEngine.Debug:Log (object).  TrialStartTrigger:OnTriggerEnter (UnityEngine.Collider) (at Assets/Scripts/TrialStartTrigger.cs:102).  
947.54,Log,end of tracked road position: (-174.33 0.00 496.91) beginning of break road position: (-174.33 0.00 496.91),UnityEngine.Debug:Log (object).  TrialEndTrigger:OnTriggerEnter (UnityEngine.Collider) (at Assets/Scripts/TrialEndTrigger.cs:259).  
947.54,Log,**************** Set visibility to: 0.03,UnityEngine.Debug:Log (object).  TrialEndTrigger:OnTriggerEnter (UnityEngine.Collider) (at Assets/Scripts/TrialEndTrigger.cs:305).  
949.0099,Log,Trial #96 has begun,UnityEngine.Debug:Log (object).  TrialStartTrigger:OnTriggerEnter (UnityEngine.Collider) (at Assets/Scripts/TrialStartTrigger.cs:102).  
955.6,Warning,***********Collision triggered in obstacle,UnityEngine.Debug:LogWarning (object).  obstacle_behavior:OnTriggerEnter () (at Assets/obstacle_behavior.cs:28).  
955.6,Warning,Obstacle removed!,UnityEngine.Debug:LogWarning (object).  collision_warning_system:obstacle_removed () (at Assets/collision_warning_system.cs:71).  obstacle_behavior:OnTriggerEnter () (at Assets/obstacle_behavior.cs:29).  
955.6,Log,COLLISION,UnityEngine.Debug:Log (object).  collision_warning_system:OnTriggerEnter () (at Assets/collision_warning_system.cs:195).  
958.92,Log,end of tracked road position: (-285.32 0.00 566.32) beginning of break road position: (-285.32 0.00 566.32),UnityEngine.Debug:Log (object).  TrialEndTrigger:OnTriggerEnter (UnityEngine.Collider) (at Assets/Scripts/TrialEndTrigger.cs:259).  
958.92,Log,**************** Set visibility to: 0.3,UnityEngine.Debug:Log (object).  TrialEndTrigger:OnTriggerEnter (UnityEngine.Collider) (at Assets/Scripts/TrialEndTrigger.cs:305).  
960.39,Log,Trial #97 has begun,UnityEngine.Debug:Log (object).  TrialStartTrigger:OnTriggerEnter (UnityEngine.Collider) (at Assets/Scripts/TrialStartTrigger.cs:102).  
964.08,Warning,***********Collision triggered in obstacle,UnityEngine.Debug:LogWarning (object).  obstacle_behavior:OnTriggerEnter () (at Assets/obstacle_behavior.cs:28).  
964.08,Warning,Obstacle removed!,UnityEngine.Debug:LogWarning (object).  collision_warning_system:obstacle_removed () (at Assets/collision_warning_system.cs:71).  obstacle_behavior:OnTriggerEnter () (at Assets/obstacle_behavior.cs:29).  
964.08,Log,COLLISION,UnityEngine.Debug:Log (object).  collision_warning_system:OnTriggerEnter () (at Assets/collision_warning_system.cs:195).  
970.31,Log,end of tracked road position: (-376.45 0.00 660.45) beginning of break road position: (-376.45 0.00 660.45),UnityEngine.Debug:Log (object).  TrialEndTrigger:OnTriggerEnter (UnityEngine.Collider) (at Assets/Scripts/TrialEndTrigger.cs:259).  
970.31,Log,**************** Set visibility to: 1,UnityEngine.Debug:Log (object).  TrialEndTrigger:OnTriggerEnter (UnityEngine.Collider) (at Assets/Scripts/TrialEndTrigger.cs:305).  
971.78,Log,Trial #98 has begun,UnityEngine.Debug:Log (object).  TrialStartTrigger:OnTriggerEnter (UnityEngine.Collider) (at Assets/Scripts/TrialStartTrigger.cs:102).  
978.44,Warning,***********Collision triggered in obstacle,UnityEngine.Debug:LogWarning (object).  obstacle_behavior:OnTriggerEnter () (at Assets/obstacle_behavior.cs:28).  
978.44,Warning,Obstacle removed!,UnityEngine.Debug:LogWarning (object).  collision_warning_system:obstacle_removed () (at Assets/collision_warning_system.cs:71).  obstacle_behavior:OnTriggerEnter () (at Assets/obstacle_behavior.cs:29).  
978.44,Log,COLLISION,UnityEngine.Debug:Log (object).  collision_warning_system:OnTriggerEnter () (at Assets/collision_warning_system.cs:195).  
982.21,Log,end of tracked road position: (-508.54 0.00 627.92) beginning of break road position: (-508.54 0.00 627.92),UnityEngine.Debug:Log (object).  TrialEndTrigger:OnTriggerEnter (UnityEngine.Collider) (at Assets/Scripts/TrialEndTrigger.cs:259).  
983.68,Log,Trial #99 has begun,UnityEngine.Debug:Log (object).  TrialStartTrigger:OnTriggerEnter (UnityEngine.Collider) (at Assets/Scripts/TrialStartTrigger.cs:102).  
989.57,Log,end of tracked road position: (-562.97 0.00 503.26) beginning of break road position: (-562.97 0.00 503.26),UnityEngine.Debug:Log (object).  TrialEndTrigger:OnTriggerEnter (UnityEngine.Collider) (at Assets/Scripts/TrialEndTrigger.cs:259).  
989.57,Log,**************** Set visibility to: 0.3,UnityEngine.Debug:Log (object).  TrialEndTrigger:OnTriggerEnter (UnityEngine.Collider) (at Assets/Scripts/TrialEndTrigger.cs:305).  
991.04,Log,Trial #100 has begun,UnityEngine.Debug:Log (object).  TrialStartTrigger:OnTriggerEnter (UnityEngine.Collider) (at Assets/Scripts/TrialStartTrigger.cs:102).  
997.0099,Warning,***********Collision triggered in obstacle,UnityEngine.Debug:LogWarning (object).  obstacle_behavior:OnTriggerEnter () (at Assets/obstacle_behavior.cs:28).  
997.0099,Warning,Obstacle removed!,UnityEngine.Debug:LogWarning (object).  collision_warning_system:obstacle_removed () (at Assets/collision_warning_system.cs:71).  obstacle_behavior:OnTriggerEnter () (at Assets/obstacle_behavior.cs:29).  
997.0099,Log,COLLISION,UnityEngine.Debug:Log (object).  collision_warning_system:OnTriggerEnter () (at Assets/collision_warning_system.cs:195).  
1001.3,Log,end of tracked road position: (-596.16 0.00 373.25) beginning of break road position: (-596.16 0.00 373.25),UnityEngine.Debug:Log (object).  TrialEndTrigger:OnTriggerEnter (UnityEngine.Collider) (at Assets/Scripts/TrialEndTrigger.cs:259).  
1001.3,Log,**************** Set visibility to: 0.3,UnityEngine.Debug:Log (object).  TrialEndTrigger:OnTriggerEnter (UnityEngine.Collider) (at Assets/Scripts/TrialEndTrigger.cs:305).  
1002.77,Log,Trial #101 has begun,UnityEngine.Debug:Log (object).  TrialStartTrigger:OnTriggerEnter (UnityEngine.Collider) (at Assets/Scripts/TrialStartTrigger.cs:102).  
1009.1,Warning,***********Collision triggered in obstacle,UnityEngine.Debug:LogWarning (object).  obstacle_behavior:OnTriggerEnter () (at Assets/obstacle_behavior.cs:28).  
1009.1,Warning,Obstacle removed!,UnityEngine.Debug:LogWarning (object).  collision_warning_system:obstacle_removed () (at Assets/collision_warning_system.cs:71).  obstacle_behavior:OnTriggerEnter () (at Assets/obstacle_behavior.cs:29).  
1009.1,Log,COLLISION,UnityEngine.Debug:Log (object).  collision_warning_system:OnTriggerEnter () (at Assets/collision_warning_system.cs:195).  
1012.87,Log,end of tracked road position: (-649.17 0.00 253.25) beginning of break road position: (-649.17 0.00 253.25),UnityEngine.Debug:Log (object).  TrialEndTrigger:OnTriggerEnter (UnityEngine.Collider) (at Assets/Scripts/TrialEndTrigger.cs:259).  
1012.87,Log,**************** Set visibility to: 0.3,UnityEngine.Debug:Log (object).  TrialEndTrigger:OnTriggerEnter (UnityEngine.Collider) (at Assets/Scripts/TrialEndTrigger.cs:305).  
1014.34,Log,Trial #102 has begun,UnityEngine.Debug:Log (object).  TrialStartTrigger:OnTriggerEnter (UnityEngine.Collider) (at Assets/Scripts/TrialStartTrigger.cs:102).  
1023.88,Log,end of tracked road position: (-569.78 0.00 142.79) beginning of break road position: (-569.78 0.00 142.79),UnityEngine.Debug:Log (object).  TrialEndTrigger:OnTriggerEnter (UnityEngine.Collider) (at Assets/Scripts/TrialEndTrigger.cs:259).  
1023.88,Log,**************** Set visibility to: 1,UnityEngine.Debug:Log (object).  TrialEndTrigger:OnTriggerEnter (UnityEngine.Collider) (at Assets/Scripts/TrialEndTrigger.cs:305).  
1025.35,Log,Trial #103 has begun,UnityEngine.Debug:Log (object).  TrialStartTrigger:OnTriggerEnter (UnityEngine.Collider) (at Assets/Scripts/TrialStartTrigger.cs:102).  
1030.79,Warning,***********Collision triggered in obstacle,UnityEngine.Debug:LogWarning (object).  obstacle_behavior:OnTriggerEnter () (at Assets/obstacle_behavior.cs:28).  
1030.79,Warning,Obstacle removed!,UnityEngine.Debug:LogWarning (object).  collision_warning_system:obstacle_removed () (at Assets/collision_warning_system.cs:71).  obstacle_behavior:OnTriggerEnter () (at Assets/obstacle_behavior.cs:29).  
1030.79,Log,COLLISION,UnityEngine.Debug:Log (object).  collision_warning_system:OnTriggerEnter () (at Assets/collision_warning_system.cs:195).  
1033.97,Log,end of tracked road position: (-494.37 0.00 43.98) beginning of break road position: (-494.37 0.00 43.98),UnityEngine.Debug:Log (object).  TrialEndTrigger:OnTriggerEnter (UnityEngine.Collider) (at Assets/Scripts/TrialEndTrigger.cs:259).  
1033.97,Log,**************** Set visibility to: 0.3,UnityEngine.Debug:Log (object).  TrialEndTrigger:OnTriggerEnter (UnityEngine.Collider) (at Assets/Scripts/TrialEndTrigger.cs:305).  
1035.43,Log,Trial #104 has begun,UnityEngine.Debug:Log (object).  TrialStartTrigger:OnTriggerEnter (UnityEngine.Collider) (at Assets/Scripts/TrialStartTrigger.cs:102).  
1040.97,Warning,***********Collision triggered in obstacle,UnityEngine.Debug:LogWarning (object).  obstacle_behavior:OnTriggerEnter () (at Assets/obstacle_behavior.cs:28).  
1040.97,Warning,Obstacle removed!,UnityEngine.Debug:LogWarning (object).  collision_warning_system:obstacle_removed () (at Assets/collision_warning_system.cs:71).  obstacle_behavior:OnTriggerEnter () (at Assets/obstacle_behavior.cs:29).  
1040.97,Log,COLLISION,UnityEngine.Debug:Log (object).  collision_warning_system:OnTriggerEnter () (at Assets/collision_warning_system.cs:195).  
1045.47,Log,end of tracked road position: (-574.31 0.00 -51.20) beginning of break road position: (-574.31 0.00 -51.20),UnityEngine.Debug:Log (object).  TrialEndTrigger:OnTriggerEnter (UnityEngine.Collider) (at Assets/Scripts/TrialEndTrigger.cs:259).  
1046.94,Log,Trial #105 has begun,UnityEngine.Debug:Log (object).  TrialStartTrigger:OnTriggerEnter (UnityEngine.Collider) (at Assets/Scripts/TrialStartTrigger.cs:102).  
1052.53,Log,end of tracked road position: (-690.00 0.00 -112.69) beginning of break road position: (-690.00 0.00 -112.69),UnityEngine.Debug:Log (object).  TrialEndTrigger:OnTriggerEnter (UnityEngine.Collider) (at Assets/Scripts/TrialEndTrigger.cs:259).  
1054,Log,Trial #106 has begun,UnityEngine.Debug:Log (object).  TrialStartTrigger:OnTriggerEnter (UnityEngine.Collider) (at Assets/Scripts/TrialStartTrigger.cs:102).  
1059.89,Log,end of tracked road position: (-784.52 0.00 -209.98) beginning of break road position: (-784.52 0.00 -209.98),UnityEngine.Debug:Log (object).  TrialEndTrigger:OnTriggerEnter (UnityEngine.Collider) (at Assets/Scripts/TrialEndTrigger.cs:259).  
1061.35,Log,Trial #107 has begun,UnityEngine.Debug:Log (object).  TrialStartTrigger:OnTriggerEnter (UnityEngine.Collider) (at Assets/Scripts/TrialStartTrigger.cs:102).  
1067.01,Log,end of tracked road position: (-903.56 0.00 -174.21) beginning of break road position: (-903.56 0.00 -174.21),UnityEngine.Debug:Log (object).  TrialEndTrigger:OnTriggerEnter (UnityEngine.Collider) (at Assets/Scripts/TrialEndTrigger.cs:259).  
1067.01,Log,**************** Set visibility to: 0.03,UnityEngine.Debug:Log (object).  TrialEndTrigger:OnTriggerEnter (UnityEngine.Collider) (at Assets/Scripts/TrialEndTrigger.cs:305).  
1068.48,Log,Trial #108 has begun,UnityEngine.Debug:Log (object).  TrialStartTrigger:OnTriggerEnter (UnityEngine.Collider) (at Assets/Scripts/TrialStartTrigger.cs:102).  
1074.33,Warning,***********Collision triggered in obstacle,UnityEngine.Debug:LogWarning (object).  obstacle_behavior:OnTriggerEnter () (at Assets/obstacle_behavior.cs:28).  
1074.33,Warning,Obstacle removed!,UnityEngine.Debug:LogWarning (object).  collision_warning_system:obstacle_removed () (at Assets/collision_warning_system.cs:71).  obstacle_behavior:OnTriggerEnter () (at Assets/obstacle_behavior.cs:29).  
1074.33,Log,COLLISION,UnityEngine.Debug:Log (object).  collision_warning_system:OnTriggerEnter () (at Assets/collision_warning_system.cs:195).  
1078.01,Log,end of tracked road position: (-894.67 0.00 -50.23) beginning of break road position: (-894.67 0.00 -50.23),UnityEngine.Debug:Log (object).  TrialEndTrigger:OnTriggerEnter (UnityEngine.Collider) (at Assets/Scripts/TrialEndTrigger.cs:259).  
1079.48,Log,Trial #109 has begun,UnityEngine.Debug:Log (object).  TrialStartTrigger:OnTriggerEnter (UnityEngine.Collider) (at Assets/Scripts/TrialStartTrigger.cs:102).  
1085.1,Log,end of tracked road position: (-767.31 0.00 -20.01) beginning of break road position: (-767.31 0.00 -20.01),UnityEngine.Debug:Log (object).  TrialEndTrigger:OnTriggerEnter (UnityEngine.Collider) (at Assets/Scripts/TrialEndTrigger.cs:259).  
1086.57,Log,Trial #110 has begun,UnityEngine.Debug:Log (object).  TrialStartTrigger:OnTriggerEnter (UnityEngine.Collider) (at Assets/Scripts/TrialStartTrigger.cs:102).  
1092.19,Log,end of tracked road position: (-636.13 0.00 -21.58) beginning of break road position: (-636.13 0.00 -21.58),UnityEngine.Debug:Log (object).  TrialEndTrigger:OnTriggerEnter (UnityEngine.Collider) (at Assets/Scripts/TrialEndTrigger.cs:259).  
1092.19,Log,**************** Set visibility to: 1,UnityEngine.Debug:Log (object).  TrialEndTrigger:OnTriggerEnter (UnityEngine.Collider) (at Assets/Scripts/TrialEndTrigger.cs:305).  
1093.66,Log,Trial #111 has begun,UnityEngine.Debug:Log (object).  TrialStartTrigger:OnTriggerEnter (UnityEngine.Collider) (at Assets/Scripts/TrialStartTrigger.cs:102).  
1105.01,Log,end of tracked road position: (-506.36 0.00 17.89) beginning of break road position: (-506.36 0.00 17.89),UnityEngine.Debug:Log (object).  TrialEndTrigger:OnTriggerEnter (UnityEngine.Collider) (at Assets/Scripts/TrialEndTrigger.cs:259).  
1105.01,Log,**************** Set visibility to: 1,UnityEngine.Debug:Log (object).  TrialEndTrigger:OnTriggerEnter (UnityEngine.Collider) (at Assets/Scripts/TrialEndTrigger.cs:305).  
1106.48,Log,Trial #112 has begun,UnityEngine.Debug:Log (object).  TrialStartTrigger:OnTriggerEnter (UnityEngine.Collider) (at Assets/Scripts/TrialStartTrigger.cs:102).  
1112.41,Warning,***********Collision triggered in obstacle,UnityEngine.Debug:LogWarning (object).  obstacle_behavior:OnTriggerEnter () (at Assets/obstacle_behavior.cs:28).  
1112.41,Warning,Obstacle removed!,UnityEngine.Debug:LogWarning (object).  collision_warning_system:obstacle_removed () (at Assets/collision_warning_system.cs:71).  obstacle_behavior:OnTriggerEnter () (at Assets/obstacle_behavior.cs:29).  
1112.41,Log,COLLISION,UnityEngine.Debug:Log (object).  collision_warning_system:OnTriggerEnter () (at Assets/collision_warning_system.cs:195).  
1115.74,Log,end of tracked road position: (-370.91 0.00 30.46) beginning of break road position: (-370.91 0.00 30.46),UnityEngine.Debug:Log (object).  TrialEndTrigger:OnTriggerEnter (UnityEngine.Collider) (at Assets/Scripts/TrialEndTrigger.cs:259).  
1115.74,Log,**************** Set visibility to: 0.03,UnityEngine.Debug:Log (object).  TrialEndTrigger:OnTriggerEnter (UnityEngine.Collider) (at Assets/Scripts/TrialEndTrigger.cs:305).  
1117.21,Log,Trial #113 has begun,UnityEngine.Debug:Log (object).  TrialStartTrigger:OnTriggerEnter (UnityEngine.Collider) (at Assets/Scripts/TrialStartTrigger.cs:102).  
1120.53,Warning,***********Collision triggered in obstacle,UnityEngine.Debug:LogWarning (object).  obstacle_behavior:OnTriggerEnter () (at Assets/obstacle_behavior.cs:28).  
1120.53,Warning,Obstacle removed!,UnityEngine.Debug:LogWarning (object).  collision_warning_system:obstacle_removed () (at Assets/collision_warning_system.cs:71).  obstacle_behavior:OnTriggerEnter () (at Assets/obstacle_behavior.cs:29).  
1120.53,Log,COLLISION,UnityEngine.Debug:Log (object).  collision_warning_system:OnTriggerEnter () (at Assets/collision_warning_system.cs:195).  
1125.36,Log,end of tracked road position: (-310.08 0.00 146.50) beginning of break road position: (-310.08 0.00 146.50),UnityEngine.Debug:Log (object).  TrialEndTrigger:OnTriggerEnter (UnityEngine.Collider) (at Assets/Scripts/TrialEndTrigger.cs:259).  
1125.36,Log,**************** Set visibility to: 0.3,UnityEngine.Debug:Log (object).  TrialEndTrigger:OnTriggerEnter (UnityEngine.Collider) (at Assets/Scripts/TrialEndTrigger.cs:305).  
1126.83,Log,Trial #114 has begun,UnityEngine.Debug:Log (object).  TrialStartTrigger:OnTriggerEnter (UnityEngine.Collider) (at Assets/Scripts/TrialStartTrigger.cs:102).  
1136.87,Log,end of tracked road position: (-269.94 0.00 264.14) beginning of break road position: (-269.94 0.00 264.14),UnityEngine.Debug:Log (object).  TrialEndTrigger:OnTriggerEnter (UnityEngine.Collider) (at Assets/Scripts/TrialEndTrigger.cs:259).  
1138.34,Log,Trial #115 has begun,UnityEngine.Debug:Log (object).  TrialStartTrigger:OnTriggerEnter (UnityEngine.Collider) (at Assets/Scripts/TrialStartTrigger.cs:102).  
1143.99,Log,end of tracked road position: (-179.11 0.00 361.93) beginning of break road position: (-179.11 0.00 361.93),UnityEngine.Debug:Log (object).  TrialEndTrigger:OnTriggerEnter (UnityEngine.Collider) (at Assets/Scripts/TrialEndTrigger.cs:259).  
1145.46,Log,Trial #116 has begun,UnityEngine.Debug:Log (object).  TrialStartTrigger:OnTriggerEnter (UnityEngine.Collider) (at Assets/Scripts/TrialStartTrigger.cs:102).  
1151.33,Log,end of tracked road position: (-103.59 0.00 460.65) beginning of break road position: (-103.59 0.00 460.65),UnityEngine.Debug:Log (object).  TrialEndTrigger:OnTriggerEnter (UnityEngine.Collider) (at Assets/Scripts/TrialEndTrigger.cs:259).  
1151.33,Log,**************** Set visibility to: 0.03,UnityEngine.Debug:Log (object).  TrialEndTrigger:OnTriggerEnter (UnityEngine.Collider) (at Assets/Scripts/TrialEndTrigger.cs:305).  
1152.8,Log,Trial #117 has begun,UnityEngine.Debug:Log (object).  TrialStartTrigger:OnTriggerEnter (UnityEngine.Collider) (at Assets/Scripts/TrialStartTrigger.cs:102).  
1157.99,Warning,***********Collision triggered in obstacle,UnityEngine.Debug:LogWarning (object).  obstacle_behavior:OnTriggerEnter () (at Assets/obstacle_behavior.cs:28).  
1157.99,Warning,Obstacle removed!,UnityEngine.Debug:LogWarning (object).  collision_warning_system:obstacle_removed () (at Assets/collision_warning_system.cs:71).  obstacle_behavior:OnTriggerEnter () (at Assets/obstacle_behavior.cs:29).  
1157.99,Log,COLLISION,UnityEngine.Debug:Log (object).  collision_warning_system:OnTriggerEnter () (at Assets/collision_warning_system.cs:195).  
1162,Log,end of tracked road position: (9.18 0.00 527.34) beginning of break road position: (9.18 0.00 527.34),UnityEngine.Debug:Log (object).  TrialEndTrigger:OnTriggerEnter (UnityEngine.Collider) (at Assets/Scripts/TrialEndTrigger.cs:259).  
1163.47,Log,Trial #118 has begun,UnityEngine.Debug:Log (object).  TrialStartTrigger:OnTriggerEnter (UnityEngine.Collider) (at Assets/Scripts/TrialStartTrigger.cs:102).  
1169.33,Log,end of tracked road position: (-1.53 0.00 658.09) beginning of break road position: (-1.53 0.00 658.09),UnityEngine.Debug:Log (object).  TrialEndTrigger:OnTriggerEnter (UnityEngine.Collider) (at Assets/Scripts/TrialEndTrigger.cs:259).  
1170.8,Log,Trial #119 has begun,UnityEngine.Debug:Log (object).  TrialStartTrigger:OnTriggerEnter (UnityEngine.Collider) (at Assets/Scripts/TrialStartTrigger.cs:102).  
1176.68,Exception,ArgumentOutOfRangeException: Index was out of range. Must be non-negative and less than the size of the collection.
Parameter name: index,System.Collections.Generic.List`1[T].get_Item (System.Int32 index) (at <6073cf49ed704e958b8a66d540dea948>:0).  TrialEndTrigger.OnTriggerEnter (UnityEngine.Collider other) (at Assets/Scripts/TrialEndTrigger.cs:247).  
1178.15,Log,Trial #120 has begun,UnityEngine.Debug:Log (object).  TrialStartTrigger:OnTriggerEnter (UnityEngine.Collider) (at Assets/Scripts/TrialStartTrigger.cs:102).  
1185.634,Log,Deviated for too long! The trial has been cut short.,UnityEngine.Debug:Log (object).  TrialCenteredCheck:Update () (at Assets/Scripts/TrialCenteredCheck.cs:117).  
1185.634,Exception,ArgumentOutOfRangeException: Index was out of range. Must be non-negative and less than the size of the collection.
Parameter name: index,System.Collections.Generic.List`1[T].get_Item (System.Int32 index) (at <6073cf49ed704e958b8a66d540dea948>:0).  TrialEndTrigger.OnTriggerEnter (UnityEngine.Collider other) (at Assets/Scripts/TrialEndTrigger.cs:247).  TrialCenteredCheck.Update () (at Assets/Scripts/TrialCenteredCheck.cs:120).  
1186.634,Log,Deviated for too long on break road!,UnityEngine.Debug:Log (object).  BreakCenteredCheck:Update () (at Assets/Scripts/BreakCenteredCheck.cs:112).  
1218.74,Log,Trial #121 has begun,UnityEngine.Debug:Log (object).  TrialStartTrigger:OnTriggerEnter (UnityEngine.Collider) (at Assets/Scripts/TrialStartTrigger.cs:102).  
1224.57,Exception,ArgumentOutOfRangeException: Index was out of range. Must be non-negative and less than the size of the collection.
Parameter name: index,System.Collections.Generic.List`1[T].get_Item (System.Int32 index) (at <6073cf49ed704e958b8a66d540dea948>:0).  TrialEndTrigger.OnTriggerEnter (UnityEngine.Collider other) (at Assets/Scripts/TrialEndTrigger.cs:247).  
